1,9
2,3
3,4
4,3
5,NaN
6,10
7,58
8,138
9,253
10,160
11,83
12,115
13,169
14,188
15,151
16,100
17,159
18,214
19,231
20,117
21,84
22,80
23,60
24,39
25,18
26,6
27,1
28,2
29,4
30,15
31,76
32,160
33,294
34,137
35,151
36,191
37,337
38,379
39,279
40,209
41,222
42,348
43,260
44,185
45,138
46,145
47,85
48,58
49,65
50,43
51,13
52,16
53,2
54,8
55,27
56,54
57,66
58,122
59,165
60,257
61,320
62,239
63,304
64,377
65,356
66,421
67,621
68,524
69,360
70,363
71,542
72,139
73,18
74,7
75,2
76,3
77,3
78,8
79,87
80,151
81,274
82,188
83,150
84,136
85,349
86,358
87,302
88,267
89,316
90,365
91,306
92,275
93,180
94,104
95,97
96,94
97,83
98,22
99,9
100,5
101,4
102,8
103,14
104,45
105,54
106,162
107,242
108,314
109,377
110,464
111,412
112,397
113,392
114,427
115,400
116,357
117,408
118,358
119,269
120,137
121,11
122,2
123,1
124,0
125,3
126,11
127,81
128,178
129,342
130,198
131,187
132,190
133,419
134,360
135,259
136,208
137,206
138,302
139,210
140,147
141,126
142,111
143,69
144,40
145,9
146,1
147,1
148,5
149,2
150,15
151,46
152,164
153,226
154,186
155,113
156,170
157,178
158,222
159,195
160,198
161,180
162,138
163,118
164,80
165,74
166,65
167,29
168,27
169,63
170,21
171,13
172,14
173,9
174,2
175,16
176,71
177,35
178,NaN
179,NaN
180,1
181,4
182,2
183,2
184,1
185,1
186,16
187,68
188,73
189,82
190,52
191,39
192,23
193,22
194,3
195,2
196,9
197,3
198,9
199,68
200,197
201,303
202,198
203,177
204,293
205,445
206,467
207,250
208,197
209,229
210,456
211,573
212,156
213,84
214,120
215,64
216,28
217,12
218,3
219,2
220,2
221,4
222,10
223,62
224,157
225,254
226,219
227,75
228,117
229,204
230,261
231,162
232,157
233,116
234,195
235,176
236,81
237,94
238,44
239,27
240,32
241,46
242,10
243,12
244,2
245,1
246,14
247,37
248,130
249,206
250,123
251,91
252,194
253,83
254,155
255,170
256,272
257,196
258,403
259,357
260,346
261,407
262,273
263,168
264,89
265,132
266,63
267,29
268,23
269,22
270,25
271,38
272,86
273,190
274,236
275,410
276,540
277,537
278,495
279,608
280,520
281,439
282,384
283,542
284,440
285,549
286,448
287,193
288,69
289,24
290,12
291,5
292,7
293,6
294,14
295,84
296,207
297,250
298,288
299,248
300,239
301,438
302,435
303,331
304,274
305,319
306,355
307,531
308,568
309,609
310,519
311,306
312,224
313,50
314,5
315,7
316,4
317,1
318,27
319,101
320,201
321,291
322,173
323,156
324,140
325,262
326,246
327,151
328,147
329,137
330,213
331,318
332,370
333,558
334,396
335,174
336,104
337,61
338,25
339,15
340,16
341,10
342,8
343,32
344,75
345,206
346,320
347,449
348,617
349,706
350,842
351,863
352,824
353,815
354,1045
355,1244
356,1797
357,2578
358,3206
359,4256
360,4437
361,8
362,8
363,4
364,5
365,0
366,2
367,24
368,53
369,100
370,68
371,62
372,97
373,186
374,151
375,146
376,119
377,186
378,239
379,221
380,151
381,121
382,61
383,31
384,28
385,27
386,13
387,4
388,5
389,1
390,12
391,103
392,165
393,165
394,36
395,34
396,67
397,158
398,175
399,177
400,166
401,174
402,324
403,349
404,380
405,364
406,310
407,159
408,45
409,37
410,17
411,4
412,7
413,1
414,13
415,144
416,215
417,332
418,203
419,146
420,147
421,293
422,233
423,185
424,162
425,220
426,320
427,345
428,413
429,421
430,425
431,216
432,99
433,69
434,26
435,15
436,8
437,16
438,9
439,11
440,40
441,82
442,164
443,298
444,425
445,371
446,384
447,416
448,380
449,389
450,280
451,206
452,165
453,124
454,114
455,76
456,25
457,11
458,4
459,2
460,2
461,2
462,14
463,91
464,164
465,270
466,135
467,143
468,186
469,296
470,269
471,170
472,190
473,201
474,300
475,148
476,157
477,125
478,98
479,62
480,33
481,33
482,14
483,3
484,9
485,4
486,1
487,11
488,40
489,74
490,119
491,220
492,167
493,230
494,298
495,283
496,221
497,268
498,383
499,359
500,226
501,176
502,193
503,140
504,106
505,38
506,22
507,8
508,10
509,7
510,3
511,39
512,90
513,101
514,178
515,233
516,344
517,355
518,463
519,475
520,432
521,463
522,334
523,526
524,473
525,489
526,383
527,425
528,224
529,35
530,4
531,6
532,5
533,9
534,15
535,95
536,134
537,270
538,162
539,129
540,205
541,423
542,387
543,243
544,237
545,248
546,388
547,494
548,389
549,367
550,225
551,204
552,56
553,35
554,9
555,2
556,2
557,10
558,7
559,87
560,177
561,240
562,170
563,183
564,244
565,471
566,433
567,413
568,330
569,358
570,487
571,425
572,306
573,326
574,277
575,155
576,113
577,40
578,2
579,2
580,3
581,NaN
582,3
583,45
584,125
585,267
586,212
587,204
588,195
589,306
590,293
591,197
592,158
593,172
594,241
595,297
596,227
597,157
598,138
599,89
600,62
601,43
602,31
603,7
604,2
605,0
606,3
607,28
608,84
609,99
610,143
611,250
612,279
613,289
614,337
615,378
616,390
617,445
618,510
619,492
620,494
621,494
622,354
623,255
624,175
625,21
626,7
627,3
628,2
629,2
630,9
631,59
632,197
633,293
634,244
635,96
636,82
637,311
638,415
639,221
640,114
641,198
642,181
643,196
644,165
645,92
646,38
647,29
648,11
649,31
650,22
651,2
652,4
653,1
654,8
655,75
656,233
657,323
658,200
659,167
660,149
661,380
662,359
663,152
664,195
665,207
666,372
667,440
668,386
669,440
670,322
671,166
672,83
673,25
674,14
675,2
676,4
677,6
678,9
679,81
680,130
681,321
682,183
683,144
684,195
685,363
686,398
687,180
688,200
689,235
690,352
691,280
692,148
693,131
694,99
695,91
696,42
697,95
698,27
699,11
700,8
701,10
702,4
703,34
704,51
705,97
706,204
707,265
708,290
709,443
710,383
711,336
712,463
713,393
714,488
715,724
716,684
717,569
718,482
719,341
720,279
721,49
722,10
723,14
724,9
725,7
726,18
727,82
728,186
729,263
730,171
731,158
732,204
733,299
734,228
735,190
736,119
737,146
738,228
739,369
740,414
741,480
742,361
743,187
744,58
745,33
746,20
747,5
748,3
749,3
750,6
751,46
752,116
753,216
754,195
755,217
756,310
757,499
758,495
759,374
760,372
761,381
762,373
763,438
764,502
765,617
766,611
767,320
768,157
769,36
770,12
771,4
772,1
773,2
774,15
775,109
776,212
777,358
778,237
779,242
780,281
781,454
782,482
783,269
784,215
785,222
786,295
787,350
788,384
789,479
790,444
791,272
792,120
793,56
794,24
795,2
796,13
797,4
798,16
799,99
800,176
801,288
802,197
803,167
804,228
805,438
806,317
807,169
808,208
809,198
810,279
811,347
812,376
813,446
814,292
815,187
816,86
817,20
818,11
819,11
820,3
821,2
822,6
823,59
824,202
825,274
826,228
827,160
828,213
829,395
830,438
831,249
832,228
833,251
834,326
835,339
836,370
837,337
838,216
839,181
840,87
841,94
842,61
843,20
844,4
845,6
846,8
847,18
848,58
849,130
850,300
851,479
852,825
853,1143
854,604
855,716
856,860
857,947
858,530
859,563
860,544
861,531
862,371
863,137
864,98
865,11
866,13
867,0
868,3
869,4
870,8
871,65
872,153
873,253
874,169
875,127
876,100
877,262
878,159
879,178
880,146
881,198
882,277
883,225
884,123
885,39
886,36
887,35
888,5
889,29
890,5
891,2
892,2
893,2
894,16
895,94
896,188
897,275
898,162
899,147
900,230
901,464
902,493
903,189
904,230
905,252
906,329
907,364
908,319
909,342
910,317
911,119
912,59
913,9
914,1
915,2
916,2
917,5
918,14
919,57
920,107
921,281
922,204
923,112
924,139
925,285
926,288
927,187
928,129
929,174
930,261
931,208
932,137
933,77
934,85
935,40
936,39
937,26
938,5
939,7
940,7
941,0
942,8
943,66
944,124
945,207
946,129
947,100
948,127
949,357
950,296
951,90
952,135
953,162
954,292
955,251
956,265
957,288
958,167
959,181
960,85
961,24
962,5
963,3
964,11
965,7
966,22
967,57
968,176
969,291
970,175
971,208
972,181
973,382
974,287
975,51
976,49
977,80
978,280
979,349
980,371
981,296
982,221
983,136
984,52
985,21
986,6
987,2
988,2
989,6
990,5
991,84
992,147
993,272
994,202
995,211
996,308
997,571
998,588
999,394
1000,434
1001,357
1002,339
1003,296
1004,191
1005,130
1006,102
1007,75
1008,51
1009,36
1010,8
1011,3
1012,4
1013,NaN
1014,22
1015,88
1016,194
1017,269
1018,176
1019,181
1020,190
1021,345
1022,247
1023,153
1024,158
1025,190
1026,258
1027,368
1028,430
1029,503
1030,422
1031,254
1032,91
1033,79
1034,24
1035,12
1036,11
1037,20
1038,4
1039,27
1040,57
1041,131
1042,239
1043,416
1044,516
1045,526
1046,538
1047,504
1048,551
1049,566
1050,514
1051,372
1052,300
1053,290
1054,140
1055,133
1056,72
1057,9
1058,5
1059,8
1060,7
1061,4
1062,13
1063,49
1064,184
1065,335
1066,279
1067,258
1068,242
1069,498
1070,431
1071,256
1072,280
1073,282
1074,413
1075,367
1076,390
1077,347
1078,167
1079,153
1080,58
1081,21
1082,4
1083,0
1084,0
1085,1
1086,15
1087,41
1088,141
1089,287
1090,205
1091,209
1092,283
1093,505
1094,506
1095,402
1096,322
1097,292
1098,406
1099,324
1100,147
1101,121
1102,118
1103,50
1104,34
1105,50
1106,13
1107,45
1108,NaN
1109,NaN
1110,3
1111,10
1112,31
1113,50
1114,82
1115,125
1116,80
1117,4
1118,4
1119,1
1120,2
1121,NaN
1122,65
1123,181
1124,199
1125,196
1126,135
1127,160
1128,104
1129,16
1130,11
1131,9
1132,11
1133,3
1134,5
1135,13
1136,35
1137,38
1138,97
1139,104
1140,187
1141,214
1142,236
1143,238
1144,360
1145,362
1146,468
1147,733
1148,453
1149,155
1150,135
1151,789
1152,128
1153,73
1154,33
1155,13
1156,7
1157,12
1158,11
1159,50
1160,70
1161,110
1162,242
1163,341
1164,351
1165,362
1166,362
1167,428
1168,613
1169,1135
1170,1982
1171,2325
1172,1341
1173,833
1174,818
1175,2238
1176,608
1177,56
1178,28
1179,2
1180,5
1181,2
1182,22
1183,109
1184,244
1185,297
1186,202
1187,179
1188,145
1189,375
1190,379
1191,613
1192,271
1193,190
1194,459
1195,528
1196,525
1197,666
1198,673
1199,330
1200,127
1201,17
1202,1
1203,1
1204,4
1205,4
1206,21
1207,86
1208,152
1209,280
1210,137
1211,121
1212,159
1213,410
1214,366
1215,162
1216,198
1217,239
1218,328
1219,311
1220,221
1221,117
1222,176
1223,55
1224,44
1225,17
1226,4
1227,6
1228,2
1229,3
1230,6
1231,52
1232,135
1233,180
1234,130
1235,177
1236,248
1237,433
1238,431
1239,354
1240,303
1241,369
1242,566
1243,827
1244,1025
1245,340
1246,337
1247,915
1248,107
1249,12
1250,11
1251,6
1252,4
1253,NaN
1254,14
1255,47
1256,173
1257,294
1258,212
1259,231
1260,210
1261,448
1262,419
1263,232
1264,242
1265,236
1266,411
1267,430
1268,453
1269,381
1270,223
1271,150
1272,73
1273,128
1274,77
1275,35
1276,34
1277,21
1278,13
1279,18
1280,30
1281,96
1282,194
1283,226
1284,198
1285,150
1286,268
1287,339
1288,179
1289,162
1290,269
1291,211
1292,96
1293,160
1294,165
1295,81
1296,59
1297,67
1298,39
1299,18
1300,18
1301,2
1302,5
1303,19
1304,51
1305,93
1306,173
1307,272
1308,268
1309,317
1310,329
1311,312
1312,355
1313,431
1314,439
1315,343
1316,454
1317,266
1318,270
1319,259
1320,159
1321,3
1322,4
1323,3
1324,NaN
1325,1
1326,9
1327,46
1328,251
1329,378
1330,274
1331,216
1332,323
1333,299
1334,406
1335,338
1336,232
1337,270
1338,295
1339,207
1340,167
1341,123
1342,64
1343,69
1344,71
1345,39
1346,16
1347,5
1348,2
1349,3
1350,6
1351,44
1352,104
1353,229
1354,203
1355,216
1356,171
1357,287
1358,244
1359,209
1360,209
1361,229
1362,330
1363,294
1364,467
1365,663
1366,637
1367,357
1368,112
1369,17
1370,12
1371,4
1372,1
1373,2
1374,11
1375,82
1376,194
1377,311
1378,202
1379,199
1380,205
1381,481
1382,369
1383,186
1384,206
1385,192
1386,288
1387,299
1388,426
1389,559
1390,493
1391,252
1392,69
1393,45
1394,2
1395,3
1396,2
1397,2
1398,7
1399,64
1400,134
1401,207
1402,171
1403,191
1404,262
1405,474
1406,479
1407,304
1408,370
1409,355
1410,402
1411,341
1412,296
1413,348
1414,296
1415,180
1416,76
1417,21
1418,8
1419,3
1420,8
1421,1
1422,4
1423,32
1424,137
1425,293
1426,154
1427,64
1428,118
1429,225
1430,217
1431,185
1432,91
1433,100
1434,218
1435,158
1436,91
1437,40
1438,33
1439,34
1440,13
1441,81
1442,31
1443,21
1444,4
1445,11
1446,10
1447,64
1448,117
1449,244
1450,288
1451,336
1452,451
1453,514
1454,499
1455,465
1456,667
1457,526
1458,520
1459,447
1460,512
1461,544
1462,381
1463,213
1464,139
1465,12
1466,1
1467,1
1468,2
1469,2
1470,9
1471,78
1472,115
1473,196
1474,167
1475,122
1476,195
1477,389
1478,412
1479,252
1480,303
1481,334
1482,432
1483,478
1484,448
1485,536
1486,293
1487,213
1488,143
1489,11
1490,7
1491,6
1492,2
1493,NaN
1494,14
1495,52
1496,162
1497,308
1498,237
1499,168
1500,183
1501,349
1502,466
1503,312
1504,200
1505,223
1506,373
1507,393
1508,290
1509,267
1510,175
1511,123
1512,58
1513,26
1514,27
1515,6
1516,2
1517,2
1518,9
1519,76
1520,158
1521,249
1522,168
1523,150
1524,227
1525,336
1526,292
1527,213
1528,231
1529,210
1530,340
1531,353
1532,322
1533,293
1534,213
1535,204
1536,104
1537,18
1538,2
1539,2
1540,6
1541,2
1542,10
1543,66
1544,167
1545,276
1546,198
1547,162
1548,153
1549,312
1550,251
1551,147
1552,222
1553,176
1554,270
1555,206
1556,177
1557,116
1558,91
1559,56
1560,46
1561,7
1562,2
1563,2
1564,3
1565,3
1566,17
1567,64
1568,189
1569,149
1570,164
1571,208
1572,130
1573,321
1574,307
1575,210
1576,194
1577,106
1578,203
1579,207
1580,71
1581,88
1582,86
1583,61
1584,41
1585,13
1586,1
1587,2
1588,7
1589,1
1590,9
1591,71
1592,184
1593,313
1594,134
1595,166
1596,186
1597,349
1598,341
1599,170
1600,142
1601,173
1602,326
1603,269
1604,202
1605,184
1606,177
1607,111
1608,69
1609,13
1610,4
1611,3
1612,2
1613,2
1614,6
1615,51
1616,136
1617,259
1618,78
1619,53
1620,37
1621,214
1622,240
1623,169
1624,143
1625,178
1626,247
1627,269
1628,151
1629,119
1630,119
1631,113
1632,41
1633,28
1634,10
1635,12
1636,10
1637,3
1638,2
1639,23
1640,103
1641,128
1642,257
1643,307
1644,341
1645,418
1646,399
1647,501
1648,419
1649,321
1650,225
1651,305
1652,258
1653,233
1654,245
1655,157
1656,124
1657,76
1658,34
1659,10
1660,21
1661,12
1662,7
1663,28
1664,69
1665,103
1666,181
1667,249
1668,192
1669,205
1670,226
1671,246
1672,235
1673,188
1674,424
1675,1021
1676,1635
1677,695
1678,753
1679,1378
1680,265
1681,14
1682,9
1683,6
1684,1
1685,2
1686,15
1687,63
1688,198
1689,287
1690,183
1691,175
1692,223
1693,415
1694,545
1695,303
1696,293
1697,372
1698,436
1699,383
1700,271
1701,311
1702,183
1703,138
1704,76
1705,10
1706,1
1707,2
1708,2
1709,NaN
1710,5
1711,76
1712,148
1713,307
1714,167
1715,140
1716,116
1717,238
1718,195
1719,137
1720,135
1721,180
1722,258
1723,265
1724,189
1725,101
1726,108
1727,125
1728,42
1729,23
1730,12
1731,4
1732,9
1733,3
1734,22
1735,159
1736,182
1737,276
1738,203
1739,169
1740,188
1741,362
1742,276
1743,180
1744,139
1745,206
1746,363
1747,448
1748,471
1749,470
1750,365
1751,262
1752,159
1753,16
1754,3
1755,1
1756,2
1757,NaN
1758,12
1759,45
1760,169
1761,244
1762,168
1763,145
1764,162
1765,340
1766,303
1767,184
1768,179
1769,188
1770,278
1771,256
1772,160
1773,110
1774,81
1775,75
1776,33
1777,9
1778,4
1779,1
1780,1
1781,1
1782,12
1783,71
1784,157
1785,237
1786,139
1787,88
1788,120
1789,319
1790,378
1791,234
1792,190
1793,220
1794,349
1795,238
1796,208
1797,156
1798,162
1799,72
1800,45
1801,94
1802,29
1803,20
1804,19
1805,8
1806,10
1807,24
1808,44
1809,151
1810,282
1811,364
1812,451
1813,457
1814,506
1815,468
1816,489
1817,416
1818,265
1819,118
1820,83
1821,21
1822,26
1823,33
1824,11
1825,42
1826,20
1827,5
1828,6
1829,4
1830,42
1831,101
1832,204
1833,284
1834,343
1835,249
1836,334
1837,546
1838,492
1839,369
1840,339
1841,536
1842,545
1843,580
1844,578
1845,722
1846,599
1847,552
1848,282
1849,8
1850,9
1851,7
1852,0
1853,3
1854,11
1855,88
1856,165
1857,302
1858,159
1859,104
1860,106
1861,334
1862,297
1863,221
1864,193
1865,289
1866,362
1867,316
1868,182
1869,168
1870,134
1871,71
1872,17
1873,14
1874,0
1875,8
1876,2
1877,1
1878,15
1879,89
1880,179
1881,291
1882,166
1883,165
1884,165
1885,520
1886,464
1887,260
1888,264
1889,256
1890,367
1891,369
1892,263
1893,288
1894,244
1895,132
1896,57
1897,68
1898,40
1899,16
1900,14
1901,2
1902,10
1903,70
1904,146
1905,171
1906,87
1907,112
1908,70
1909,139
1910,69
1911,89
1912,123
1913,198
1914,254
1915,304
1916,251
1917,300
1918,226
1919,101
1920,99
1921,50
1922,32
1923,12
1924,2
1925,4
1926,6
1927,48
1928,72
1929,149
1930,107
1931,173
1932,196
1933,358
1934,305
1935,142
1936,95
1937,211
1938,244
1939,342
1940,374
1941,368
1942,375
1943,223
1944,150
1945,16
1946,10
1947,18
1948,9
1949,3
1950,17
1951,134
1952,204
1953,306
1954,211
1955,202
1956,195
1957,507
1958,478
1959,360
1960,337
1961,379
1962,493
1963,564
1964,410
1965,372
1966,282
1967,188
1968,82
1969,82
1970,29
1971,8
1972,15
1973,5
1974,5
1975,28
1976,59
1977,133
1978,266
1979,409
1980,552
1981,560
1982,568
1983,643
1984,643
1985,517
1986,446
1987,449
1988,471
1989,435
1990,326
1991,225
1992,115
1993,89
1994,42
1995,7
1996,13
1997,7
1998,0
1999,11
2000,21
2001,64
2002,187
2003,243
2004,347
2005,378
2006,400
2007,343
2008,432
2009,348
2010,272
2011,290
2012,227
2013,175
2014,152
2015,128
2016,51
2017,39
2018,26
2019,19
2020,8
2021,6
2022,7
2023,29
2024,104
2025,185
2026,258
2027,431
2028,431
2029,331
2030,524
2031,590
2032,745
2033,632
2034,687
2035,721
2036,665
2037,641
2038,501
2039,318
2040,148
2041,150
2042,71
2043,31
2044,29
2045,17
2046,10
2047,18
2048,38
2049,81
2050,199
2051,307
2052,347
2053,342
2054,436
2055,462
2056,430
2057,382
2058,365
2059,398
2060,326
2061,130
2062,107
2063,130
2064,45
2065,7
2066,8
2067,5
2068,4
2069,6
2070,13
2071,86
2072,188
2073,260
2074,149
2075,88
2076,198
2077,386
2078,528
2079,286
2080,191
2081,247
2082,312
2083,345
2084,198
2085,131
2086,181
2087,78
2088,43
2089,16
2090,5
2091,1
2092,3
2093,1
2094,10
2095,40
2096,137
2097,162
2098,118
2099,110
2100,110
2101,205
2102,185
2103,147
2104,155
2105,185
2106,268
2107,254
2108,242
2109,142
2110,116
2111,109
2112,81
2113,40
2114,19
2115,20
2116,8
2117,3
2118,8
2119,10
2120,40
2121,83
2122,139
2123,228
2124,395
2125,386
2126,332
2127,346
2128,438
2129,493
2130,801
2131,1132
2132,572
2133,328
2134,301
2135,783
2136,123
2137,86
2138,35
2139,20
2140,8
2141,2
2142,5
2143,23
2144,69
2145,123
2146,212
2147,225
2148,252
2149,282
2150,138
2151,166
2152,325
2153,346
2154,565
2155,1141
2156,609
2157,227
2158,176
2159,982
2160,109
2161,23
2162,5
2163,5
2164,3
2165,1
2166,10
2167,73
2168,145
2169,308
2170,190
2171,180
2172,204
2173,455
2174,475
2175,383
2176,303
2177,317
2178,580
2179,842
2180,740
2181,544
2182,512
2183,321
2184,614
2185,36
2186,6
2187,3
2188,3
2189,6
2190,8
2191,62
2192,249
2193,287
2194,226
2195,272
2196,253
2197,459
2198,399
2199,335
2200,219
2201,220
2202,418
2203,853
2204,938
2205,182
2206,191
2207,582
2208,198
2209,59
2210,45
2211,4
2212,7
2213,1
2214,11
2215,40
2216,83
2217,146
2218,198
2219,290
2220,340
2221,373
2222,388
2223,683
2224,1067
2225,123
2226,37
2227,272
2228,652
2229,140
2230,262
2231,219
2232,139
2233,3762
2234,1334
2235,471
2236,375
2237,26
2238,27
2239,26
2240,41
2241,84
2242,182
2243,295
2244,470
2245,502
2246,652
2247,548
2248,184
2249,280
2250,415
2251,433
2252,317
2253,227
2254,179
2255,129
2256,77
2257,12
2258,3
2259,7
2260,2
2261,1
2262,18
2263,101
2264,160
2265,232
2266,184
2267,154
2268,218
2269,423
2270,394
2271,277
2272,269
2273,266
2274,402
2275,316
2276,232
2277,198
2278,222
2279,150
2280,87
2281,58
2282,31
2283,15
2284,7
2285,1
2286,6
2287,19
2288,47
2289,121
2290,224
2291,460
2292,652
2293,728
2294,805
2295,784
2296,800
2297,655
2298,605
2299,478
2300,525
2301,526
2302,338
2303,168
2304,76
2305,19
2306,1
2307,3
2308,2
2309,1
2310,8
2311,42
2312,148
2313,231
2314,124
2315,58
2316,104
2317,261
2318,248
2319,136
2320,109
2321,188
2322,210
2323,241
2324,94
2325,113
2326,64
2327,59
2328,41
2329,40
2330,26
2331,4
2332,6
2333,6
2334,2
2335,9
2336,28
2337,52
2338,110
2339,203
2340,397
2341,815
2342,368
2343,225
2344,265
2345,469
2346,187
2347,139
2348,97
2349,74
2350,82
2351,42
2352,25
2353,26
2354,4
2355,7
2356,4
2357,3
2358,15
2359,76
2360,170
2361,296
2362,161
2363,107
2364,179
2365,380
2366,332
2367,250
2368,218
2369,243
2370,369
2371,293
2372,213
2373,203
2374,159
2375,168
2376,73
2377,109
2378,57
2379,37
2380,16
2381,5
2382,11
2383,41
2384,110
2385,108
2386,204
2387,236
2388,332
2389,319
2390,340
2391,473
2392,284
2393,43
2394,167
2395,224
2396,450
2397,545
2398,425
2399,403
2400,238
2401,30
2402,13
2403,1
2404,6
2405,5
2406,8
2407,90
2408,190
2409,327
2410,265
2411,150
2412,237
2413,400
2414,461
2415,176
2416,196
2417,229
2418,311
2419,316
2420,240
2421,110
2422,213
2423,202
2424,94
2425,77
2426,9
2427,3
2428,6
2429,4
2430,22
2431,101
2432,176
2433,285
2434,186
2435,96
2436,172
2437,259
2438,254
2439,243
2440,205
2441,211
2442,327
2443,344
2444,329
2445,170
2446,56
2447,81
2448,34
2449,34
2450,14
2451,11
2452,8
2453,6
2454,17
2455,69
2456,224
2457,319
2458,221
2459,138
2460,172
2461,385
2462,324
2463,277
2464,170
2465,206
2466,440
2467,449
2468,469
2469,398
2470,315
2471,159
2472,83
2473,22
2474,4
2475,0
2476,0
2477,1
2478,15
2479,110
2480,175
2481,291
2482,190
2483,117
2484,160
2485,420
2486,481
2487,274
2488,253
2489,295
2490,400
2491,411
2492,373
2493,378
2494,240
2495,141
2496,88
2497,13
2498,5
2499,1
2500,0
2501,2
2502,20
2503,89
2504,181
2505,289
2506,210
2507,216
2508,326
2509,509
2510,498
2511,380
2512,316
2513,357
2514,440
2515,398
2516,269
2517,255
2518,223
2519,141
2520,80
2521,29
2522,31
2523,2
2524,0
2525,4
2526,5
2527,15
2528,26
2529,44
2530,109
2531,93
2532,136
2533,258
2534,312
2535,292
2536,270
2537,325
2538,331
2539,346
2540,390
2541,406
2542,212
2543,115
2544,62
2545,25
2546,8
2547,9
2548,8
2549,5
2550,13
2551,104
2552,143
2553,252
2554,202
2555,241
2556,201
2557,416
2558,406
2559,335
2560,278
2561,246
2562,448
2563,436
2564,369
2565,370
2566,261
2567,215
2568,124
2569,15
2570,9
2571,9
2572,0
2573,0
2574,18
2575,36
2576,69
2577,120
2578,100
2579,69
2580,93
2581,134
2582,143
2583,89
2584,87
2585,106
2586,244
2587,125
2588,110
2589,61
2590,38
2591,57
2592,17
2593,112
2594,25
2595,39
2596,24
2597,12
2598,9
2599,15
2600,47
2601,71
2602,6586
2603,2073
2604,304
2605,270
2606,315
2607,116
2608,125
2609,188
2610,68
2611,160
2612,114
2613,131
2614,93
2615,35
2616,9
2617,31
2618,9
2619,6
2620,0
2621,3
2622,15
2623,88
2624,131
2625,263
2626,173
2627,139
2628,195
2629,379
2630,443
2631,299
2632,280
2633,340
2634,414
2635,552
2636,519
2637,305
2638,180
2639,573
2640,111
2641,9
2642,4
2643,NaN
2644,4
2645,NaN
2646,14
2647,47
2648,158
2649,303
2650,155
2651,85
2652,63
2653,192
2654,133
2655,100
2656,191
2657,193
2658,273
2659,262
2660,186
2661,123
2662,92
2663,58
2664,17
2665,164
2666,36
2667,27
2668,22
2669,14
2670,7
2671,28
2672,29
2673,125
2674,200
2675,406
2676,431
2677,394
2678,229
2679,540
2680,385
2681,376
2682,427
2683,498
2684,515
2685,510
2686,264
2687,218
2688,101
2689,67
2690,36
2691,24
2692,24
2693,9
2694,13
2695,18
2696,30
2697,151
2698,250
2699,519
2700,729
2701,716
2702,833
2703,1074
2704,771
2705,582
2706,447
2707,806
2708,228
2709,182
2710,161
2711,94
2712,69
2713,28
2714,4
2715,10
2716,4
2717,2
2718,13
2719,115
2720,176
2721,281
2722,199
2723,152
2724,207
2725,336
2726,362
2727,220
2728,191
2729,233
2730,376
2731,482
2732,484
2733,527
2734,513
2735,315
2736,204
2737,26
2738,5
2739,3
2740,7
2741,20
2742,4
2743,42
2744,105
2745,185
2746,172
2747,169
2748,252
2749,441
2750,570
2751,504
2752,609
2753,493
2754,495
2755,507
2756,455
2757,420
2758,325
2759,154
2760,69
2761,106
2762,48
2763,19
2764,10
2765,2
2766,7
2767,25
2768,85
2769,144
2770,280
2771,573
2772,690
2773,698
2774,762
2775,559
2776,608
2777,509
2778,414
2779,501
2780,471
2781,614
2782,506
2783,267
2784,126
2785,43
2786,10
2787,9
2788,0
2789,2
2790,13
2791,71
2792,109
2793,201
2794,114
2795,101
2796,164
2797,296
2798,339
2799,278
2800,217
2801,256
2802,404
2803,366
2804,305
2805,278
2806,188
2807,103
2808,68
2809,42
2810,11
2811,14
2812,12
2813,7
2814,13
2815,19
2816,36
2817,103
2818,180
2819,236
2820,294
2821,314
2822,352
2823,390
2824,400
2825,371
2826,433
2827,299
2828,306
2829,192
2830,159
2831,133
2832,113
2833,34
2834,29
2835,1
2836,NaN
2837,2
2838,12
2839,93
2840,201
2841,264
2842,211
2843,221
2844,255
2845,573
2846,562
2847,374
2848,368
2849,375
2850,414
2851,422
2852,412
2853,429
2854,368
2855,243
2856,159
2857,25
2858,43
2859,17
2860,4
2861,3
2862,10
2863,12
2864,46
2865,54
2866,99
2867,99
2868,169
2869,241
2870,173
2871,221
2872,282
2873,279
2874,358
2875,368
2876,273
2877,229
2878,229
2879,239
2880,136
2881,4
2882,1
2883,5
2884,2
2885,2
2886,14
2887,91
2888,174
2889,241
2890,208
2891,137
2892,208
2893,421
2894,377
2895,395
2896,221
2897,241
2898,308
2899,305
2900,301
2901,188
2902,126
2903,142
2904,75
2905,51
2906,16
2907,27
2908,15
2909,14
2910,11
2911,13
2912,35
2913,71
2914,147
2915,225
2916,309
2917,333
2918,338
2919,433
2920,131
2921,155
2922,150
2923,428
2924,148
2925,114
2926,74
2927,68
2928,33
2929,42
2930,32
2931,12
2932,9
2933,1
2934,11
2935,20
2936,43
2937,100
2938,206
2939,316
2940,370
2941,450
2942,541
2943,487
2944,466
2945,407
2946,369
2947,394
2948,270
2949,204
2950,137
2951,136
2952,67
2953,77
2954,39
2955,13
2956,16
2957,11
2958,17
2959,84
2960,179
2961,288
2962,270
2963,188
2964,228
2965,514
2966,376
2967,368
2968,346
2969,323
2970,381
2971,485
2972,433
2973,469
2974,482
2975,289
2976,112
2977,54
2978,16
2979,2
2980,6
2981,1
2982,28
2983,91
2984,189
2985,300
2986,243
2987,197
2988,251
2989,397
2990,540
2991,331
2992,353
2993,460
2994,819
2995,1198
2996,1063
2997,692
2998,497
2999,1389
3000,315
3001,39
3002,8
3003,12
3004,9
3005,1
3006,6
3007,17
3008,44
3009,63
3010,124
3011,138
3012,217
3013,236
3014,238
3015,244
3016,255
3017,316
3018,429
3019,665
3020,427
3021,163
3022,165
3023,736
3024,82
3025,46
3026,49
3027,30
3028,9
3029,4
3030,2
3031,11
3032,37
3033,129
3034,249
3035,271
3036,348
3037,429
3038,349
3039,365
3040,338
3041,343
3042,303
3043,188
3044,122
3045,165
3046,64
3047,75
3048,34
3049,32
3050,15
3051,6
3052,1
3053,0
3054,22
3055,110
3056,147
3057,225
3058,169
3059,91
3060,104
3061,203
3062,168
3063,140
3064,154
3065,194
3066,336
3067,358
3068,372
3069,461
3070,338
3071,162
3072,55
3073,101
3074,24
3075,15
3076,15
3077,15
3078,7
3079,16
3080,31
3081,94
3082,219
3083,333
3084,430
3085,439
3086,458
3087,493
3088,348
3089,335
3090,428
3091,386
3092,192
3093,141
3094,133
3095,113
3096,42
3097,15
3098,4
3099,3
3100,1
3101,1
3102,13
3103,46
3104,174
3105,314
3106,186
3107,193
3108,192
3109,463
3110,424
3111,228
3112,234
3113,258
3114,332
3115,298
3116,202
3117,167
3118,101
3119,85
3120,46
3121,26
3122,10
3123,3
3124,3
3125,2
3126,15
3127,66
3128,167
3129,292
3130,189
3131,155
3132,179
3133,418
3134,380
3135,248
3136,163
3137,206
3138,298
3139,347
3140,219
3141,220
3142,173
3143,118
3144,98
3145,28
3146,23
3147,2
3148,6
3149,3
3150,26
3151,93
3152,191
3153,314
3154,195
3155,161
3156,163
3157,266
3158,274
3159,165
3160,130
3161,141
3162,314
3163,282
3164,355
3165,439
3166,364
3167,216
3168,124
3169,15
3170,8
3171,2
3172,2
3173,1
3174,12
3175,80
3176,173
3177,273
3178,184
3179,147
3180,226
3181,342
3182,441
3183,186
3184,258
3185,251
3186,377
3187,329
3188,186
3189,171
3190,190
3191,108
3192,102
3193,10
3194,8
3195,2
3196,3
3197,4
3198,12
3199,59
3200,143
3201,212
3202,184
3203,157
3204,176
3205,345
3206,295
3207,176
3208,148
3209,214
3210,335
3211,257
3212,110
3213,132
3214,87
3215,83
3216,52
3217,18
3218,2
3219,2
3220,6
3221,2
3222,12
3223,85
3224,158
3225,393
3226,183
3227,159
3228,179
3229,404
3230,332
3231,305
3232,296
3233,300
3234,417
3235,420
3236,253
3237,190
3238,201
3239,138
3240,94
3241,41
3242,12
3243,5
3244,5
3245,9
3246,10
3247,14
3248,60
3249,113
3250,173
3251,201
3252,291
3253,249
3254,316
3255,329
3256,356
3257,326
3258,384
3259,433
3260,368
3261,300
3262,179
3263,185
3264,116
3265,9
3266,8
3267,1
3268,8
3269,4
3270,13
3271,44
3272,155
3273,250
3274,133
3275,67
3276,90
3277,189
3278,142
3279,109
3280,69
3281,70
3282,96
3283,76
3284,76
3285,36
3286,37
3287,69
3288,30
3289,29
3290,11
3291,3
3292,2
3293,4
3294,11
3295,61
3296,122
3297,243
3298,162
3299,248
3300,279
3301,468
3302,582
3303,449
3304,453
3305,429
3306,457
3307,526
3308,621
3309,402
3310,223
3311,159
3312,66
3313,104
3314,26
3315,13
3316,24
3317,6
3318,12
3319,41
3320,136
3321,124
3322,209
3323,235
3324,294
3325,304
3326,392
3327,291
3328,292
3329,348
3330,479
3331,702
3332,880
3333,853
3334,491
3335,400
3336,134
3337,19
3338,10
3339,2
3340,10
3341,4
3342,19
3343,79
3344,220
3345,304
3346,239
3347,196
3348,261
3349,487
3350,451
3351,371
3352,257
3353,335
3354,379
3355,498
3356,510
3357,590
3358,482
3359,320
3360,107
3361,17
3362,5
3363,5
3364,2
3365,2
3366,15
3367,92
3368,161
3369,317
3370,179
3371,126
3372,226
3373,375
3374,388
3375,243
3376,167
3377,214
3378,317
3379,263
3380,237
3381,194
3382,157
3383,95
3384,41
3385,19
3386,12
3387,4
3388,3
3389,3
3390,18
3391,98
3392,154
3393,314
3394,209
3395,201
3396,257
3397,439
3398,461
3399,329
3400,210
3401,256
3402,420
3403,402
3404,394
3405,351
3406,223
3407,148
3408,92
3409,8
3410,17
3411,NaN
3412,3
3413,1
3414,16
3415,74
3416,157
3417,299
3418,117
3419,119
3420,136
3421,227
3422,243
3423,162
3424,168
3425,174
3426,255
3427,258
3428,175
3429,107
3430,109
3431,91
3432,32
3433,15
3434,7
3435,2
3436,5
3437,2
3438,19
3439,93
3440,150
3441,297
3442,164
3443,125
3444,110
3445,351
3446,369
3447,221
3448,216
3449,246
3450,315
3451,276
3452,137
3453,135
3454,128
3455,111
3456,38
3457,25
3458,10
3459,1
3460,5
3461,2
3462,11
3463,46
3464,151
3465,201
3466,145
3467,90
3468,151
3469,269
3470,244
3471,185
3472,165
3473,214
3474,305
3475,284
3476,341
3477,299
3478,235
3479,145
3480,57
3481,18
3482,5
3483,7
3484,3
3485,2
3486,15
3487,42
3488,175
3489,294
3490,164
3491,143
3492,143
3493,352
3494,378
3495,264
3496,173
3497,193
3498,307
3499,229
3500,127
3501,152
3502,135
3503,84
3504,36
3505,18
3506,2
3507,2
3508,9
3509,6
3510,10
3511,82
3512,146
3513,258
3514,152
3515,163
3516,201
3517,389
3518,436
3519,238
3520,234
3521,225
3522,326
3523,355
3524,223
3525,246
3526,216
3527,105
3528,50
3529,18
3530,5
3531,7
3532,5
3533,14
3534,18
3535,137
3536,255
3537,343
3538,185
3539,166
3540,231
3541,467
3542,461
3543,316
3544,343
3545,327
3546,483
3547,527
3548,410
3549,313
3550,245
3551,161
3552,93
3553,51
3554,22
3555,31
3556,12
3557,13
3558,12
3559,13
3560,3666
3561,76
3562,201
3563,280
3564,727
3565,1517
3566,627
3567,417
3568,856
3569,1389
3570,379
3571,246
3572,117
3573,118
3574,123
3575,69
3576,39
3577,158
3578,64
3579,32
3580,3
3581,7
3582,5
3583,20
3584,34
3585,69
3586,141
3587,167
3588,302
3589,290
3590,271
3591,414
3592,350
3593,348
3594,413
3595,408
3596,601
3597,520
3598,468
3599,248
3600,95
3601,16
3602,14
3603,6
3604,4
3605,3
3606,7
3607,42
3608,123
3609,213
3610,216
3611,160
3612,198
3613,398
3614,394
3615,297
3616,247
3617,268
3618,416
3619,337
3620,453
3621,462
3622,276
3623,184
3624,81
3625,70
3626,29
3627,23
3628,5
3629,6
3630,9
3631,6
3632,25
3633,128
3634,283
3635,531
3636,615
3637,707
3638,804
3639,860
3640,1159
3641,856
3642,400
3643,311
3644,639
3645,212
3646,204
3647,112
3648,42
3649,17
3650,10
3651,3
3652,4
3653,9
3654,8
3655,56
3656,159
3657,280
3658,141
3659,178
3660,152
3661,207
3662,209
3663,102
3664,171
3665,117
3666,197
3667,292
3668,127
3669,113
3670,76
3671,61
3672,28
3673,16
3674,8
3675,5
3676,0
3677,1
3678,11
3679,76
3680,142
3681,229
3682,158
3683,94
3684,143
3685,343
3686,399
3687,229
3688,208
3689,322
3690,368
3691,343
3692,211
3693,170
3694,159
3695,115
3696,70
3697,12
3698,3
3699,2
3700,1
3701,2
3702,14
3703,88
3704,154
3705,287
3706,180
3707,120
3708,121
3709,407
3710,373
3711,258
3712,172
3713,233
3714,313
3715,285
3716,212
3717,173
3718,120
3719,66
3720,27
3721,55
3722,27
3723,11
3724,16
3725,20
3726,7
3727,8
3728,48
3729,129
3730,209
3731,377
3732,526
3733,692
3734,1098
3735,1678
3736,960
3737,749
3738,717
3739,1029
3740,549
3741,464
3742,276
3743,184
3744,88
3745,44
3746,20
3747,8
3748,4
3749,3
3750,18
3751,88
3752,223
3753,326
3754,192
3755,195
3756,166
3757,289
3758,276
3759,133
3760,127
3761,144
3762,286
3763,300
3764,372
3765,537
3766,384
3767,221
3768,126
3769,3
3770,2
3771,2
3772,4
3773,10
3774,14
3775,86
3776,152
3777,261
3778,191
3779,194
3780,185
3781,302
3782,380
3783,183
3784,251
3785,176
3786,266
3787,364
3788,224
3789,183
3790,108
3791,85
3792,61
3793,77
3794,28
3795,21
3796,23
3797,9
3798,NaN
3799,17
3800,53
3801,97
3802,203
3803,192
3804,283
3805,332
3806,358
3807,330
3808,383
3809,368
3810,319
3811,272
3812,171
3813,112
3814,88
3815,61
3816,35
3817,33
3818,7
3819,13
3820,8
3821,1
3822,8
3823,19
3824,91
3825,195
3826,199
3827,213
3828,351
3829,323
3830,437
3831,565
3832,345
3833,315
3834,330
3835,332
3836,495
3837,681
3838,579
3839,365
3840,154
3841,22
3842,4
3843,5
3844,1
3845,3
3846,15
3847,117
3848,184
3849,320
3850,177
3851,150
3852,165
3853,476
3854,437
3855,219
3856,218
3857,250
3858,405
3859,483
3860,421
3861,358
3862,291
3863,268
3864,96
3865,35
3866,6
3867,2
3868,9
3869,5
3870,14
3871,88
3872,174
3873,283
3874,203
3875,188
3876,368
3877,520
3878,576
3879,390
3880,348
3881,312
3882,382
3883,398
3884,351
3885,408
3886,306
3887,209
3888,117
3889,73
3890,30
3891,15
3892,6
3893,7
3894,6
3895,11
3896,41
3897,99
3898,304
3899,584
3900,836
3901,1082
3902,730
3903,713
3904,731
3905,982
3906,427
3907,352
3908,340
3909,191
3910,114
3911,99
3912,37
3913,26
3914,15
3915,4
3916,2
3917,3
3918,16
3919,72
3920,159
3921,271
3922,235
3923,190
3924,276
3925,474
3926,409
3927,301
3928,275
3929,358
3930,451
3931,446
3932,557
3933,272
3934,237
3935,485
3936,128
3937,9
3938,2
3939,2
3940,4
3941,2
3942,2
3943,59
3944,140
3945,220
3946,165
3947,135
3948,131
3949,257
3950,273
3951,172
3952,119
3953,98
3954,166
3955,174
3956,136
3957,99
3958,72
3959,79
3960,58
3961,24
3962,13
3963,7
3964,2
3965,11
3966,9
3967,71
3968,143
3969,253
3970,166
3971,133
3972,147
3973,359
3974,343
3975,259
3976,210
3977,246
3978,288
3979,262
3980,184
3981,161
3982,116
3983,75
3984,23
3985,5
3986,1
3987,3
3988,4
3989,3
3990,11
3991,93
3992,165
3993,244
3994,169
3995,158
3996,170
3997,405
3998,340
3999,242
4000,169
4001,227
4002,349
4003,238
4004,177
4005,178
4006,107
4007,67
4008,50
4009,19
4010,6
4011,1
4012,3
4013,3
4014,NaN
4015,6
4016,27
4017,54
4018,163
4019,158
4020,133
4021,167
4022,199
4023,269
4024,257
4025,335
4026,218
4027,248
4028,217
4029,98
4030,131
4031,108
4032,42
4033,31
4034,5
4035,1
4036,5
4037,5
4038,3
4039,10
4040,25
4041,103
4042,86
4043,98
4044,198
4045,190
4046,164
4047,239
4048,273
4049,291
4050,238
4051,372
4052,404
4053,235
4054,124
4055,97
4056,45
4057,19
4058,10
4059,3
4060,0
4061,4
4062,16
4063,67
4064,125
4065,259
4066,147
4067,134
4068,194
4069,367
4070,316
4071,185
4072,170
4073,201
4074,350
4075,238
4076,158
4077,135
4078,134
4079,57
4080,46
4081,96
4082,60
4083,17
4084,18
4085,5
4086,6
4087,25
4088,43
4089,144
4090,337
4091,440
4092,544
4093,701
4094,661
4095,817
4096,658
4097,606
4098,371
4099,432
4100,365
4101,267
4102,174
4103,106
4104,45
4105,110
4106,22
4107,2
4108,11
4109,NaN
4110,18
4111,100
4112,197
4113,352
4114,268
4115,234
4116,210
4117,408
4118,386
4119,283
4120,322
4121,303
4122,371
4123,636
4124,635
4125,245
4126,481
4127,304
4128,273
4129,73
4130,20
4131,9
4132,9
4133,4
4134,14
4135,56
4136,125
4137,211
4138,289
4139,295
4140,385
4141,382
4142,306
4143,249
4144,291
4145,240
4146,253
4147,529
4148,670
4149,779
4150,735
4151,353
4152,200
4153,86
4154,68
4155,20
4156,28
4157,12
4158,10
4159,14
4160,34
4161,103
4162,246
4163,370
4164,507
4165,476
4166,582
4167,666
4168,645
4169,585
4170,636
4171,619
4172,585
4173,596
4174,360
4175,212
4176,152
4177,31
4178,21
4179,11
4180,3
4181,11
4182,2
4183,14
4184,33
4185,75
4186,138
4187,265
4188,307
4189,331
4190,314
4191,326
4192,263
4193,281
4194,215
4195,238
4196,201
4197,142
4198,109
4199,41
4200,41
4201,28
4202,19
4203,2
4204,1
4205,2
4206,10
4207,68
4208,190
4209,301
4210,162
4211,136
4212,123
4213,316
4214,261
4215,170
4216,164
4217,204
4218,318
4219,340
4220,434
4221,394
4222,400
4223,191
4224,106
4225,68
4226,45
4227,16
4228,6
4229,9
4230,7
4231,36
4232,52
4233,54
4234,131
4235,150
4236,163
4237,144
4238,211
4239,172
4240,280
4241,466
4242,938
4243,1231
4244,479
4245,558
4246,708
4247,1482
4248,427
4249,27
4250,8
4251,5
4252,0
4253,4
4254,1
4255,34
4256,95
4257,130
4258,92
4259,106
4260,169
4261,225
4262,138
4263,159
4264,89
4265,106
4266,164
4267,248
4268,166
4269,215
4270,182
4271,186
4272,114
4273,97
4274,35
4275,3
4276,11
4277,4
4278,5
4279,23
4280,70
4281,190
4282,347
4283,573
4284,824
4285,1231
4286,617
4287,486
4288,578
4289,968
4290,511
4291,315
4292,203
4293,207
4294,122
4295,72
4296,30
4297,21
4298,9
4299,3
4300,9
4301,6
4302,12
4303,89
4304,160
4305,262
4306,161
4307,154
4308,181
4309,340
4310,371
4311,249
4312,221
4313,218
4314,310
4315,179
4316,54
4317,48
4318,36
4319,29
4320,17
4321,12
4322,4
4323,4
4324,0
4325,4
4326,17
4327,55
4328,135
4329,248
4330,167
4331,81
4332,119
4333,335
4334,323
4335,217
4336,148
4337,173
4338,293
4339,221
4340,156
4341,106
4342,150
4343,106
4344,36
4345,9
4346,1
4347,3
4348,2
4349,NaN
4350,6
4351,52
4352,319
4353,266
4354,194
4355,148
4356,171
4357,412
4358,382
4359,467
4360,135
4361,133
4362,277
4363,363
4364,327
4365,317
4366,163
4367,103
4368,52
4369,4
4370,3
4371,3
4372,1
4373,NaN
4374,7
4375,33
4376,109
4377,202
4378,133
4379,194
4380,168
4381,351
4382,284
4383,313
4384,238
4385,255
4386,338
4387,352
4388,313
4389,309
4390,193
4391,163
4392,157
4393,14
4394,12
4395,7
4396,3
4397,1
4398,21
4399,67
4400,116
4401,328
4402,190
4403,206
4404,270
4405,525
4406,474
4407,350
4408,389
4409,361
4410,369
4411,323
4412,214
4413,194
4414,108
4415,66
4416,45
4417,24
4418,1
4419,1
4420,3
4421,3
4422,19
4423,65
4424,148
4425,203
4426,147
4427,119
4428,97
4429,335
4430,355
4431,161
4432,147
4433,194
4434,287
4435,209
4436,114
4437,122
4438,166
4439,78
4440,38
4441,12
4442,6
4443,1
4444,3
4445,1
4446,8
4447,64
4448,183
4449,313
4450,209
4451,182
4452,219
4453,427
4454,456
4455,386
4456,307
4457,256
4458,331
4459,340
4460,192
4461,152
4462,115
4463,91
4464,26
4465,45
4466,23
4467,16
4468,9
4469,9
4470,13
4471,42
4472,56
4473,113
4474,187
4475,271
4476,345
4477,624
4478,784
4479,420
4480,473
4481,907
4482,477
4483,447
4484,438
4485,326
4486,284
4487,188
4488,131
4489,54
4490,11
4491,7
4492,4
4493,4
4494,6
4495,40
4496,151
4497,283
4498,170
4499,136
4500,304
4501,500
4502,498
4503,358
4504,319
4505,286
4506,410
4507,298
4508,390
4509,447
4510,343
4511,210
4512,103
4513,6
4514,10
4515,2
4516,6
4517,1
4518,20
4519,84
4520,218
4521,326
4522,225
4523,204
4524,247
4525,489
4526,571
4527,296
4528,326
4529,360
4530,450
4531,379
4532,318
4533,256
4534,193
4535,81
4536,52
4537,30
4538,11
4539,5
4540,9
4541,9
4542,4
4543,20
4544,32
4545,44
4546,100
4547,141
4548,121
4549,117
4550,115
4551,162
4552,190
4553,296
4554,420
4555,865
4556,462
4557,171
4558,267
4559,735
4560,124
4561,23
4562,9
4563,2
4564,7
4565,4
4566,9
4567,52
4568,137
4569,240
4570,247
4571,185
4572,158
4573,364
4574,327
4575,294
4576,215
4577,232
4578,441
4579,442
4580,408
4581,190
4582,150
4583,274
4584,83
4585,14
4586,3
4587,9
4588,2
4589,3
4590,14
4591,50
4592,161
4593,302
4594,249
4595,165
4596,225
4597,417
4598,375
4599,193
4600,205
4601,259
4602,355
4603,312
4604,159
4605,172
4606,107
4607,73
4608,40
4609,27
4610,8
4611,6
4612,7
4613,7
4614,13
4615,72
4616,133
4617,270
4618,316
4619,314
4620,478
4621,547
4622,508
4623,315
4624,273
4625,295
4626,465
4627,441
4628,602
4629,560
4630,411
4631,231
4632,165
4633,5
4634,4
4635,3
4636,4
4637,4
4638,6
4639,44
4640,121
4641,189
4642,97
4643,88
4644,140
4645,284
4646,328
4647,130
4648,130
4649,112
4650,213
4651,204
4652,116
4653,95
4654,74
4655,43
4656,24
4657,11
4658,5
4659,6
4660,3
4661,2
4662,12
4663,60
4664,135
4665,262
4666,243
4667,175
4668,174
4669,435
4670,347
4671,262
4672,247
4673,253
4674,303
4675,378
4676,329
4677,219
4678,160
4679,201
4680,102
4681,82
4682,24
4683,16
4684,4
4685,5
4686,9
4687,9
4688,31
4689,84
4690,197
4691,296
4692,341
4693,371
4694,444
4695,422
4696,432
4697,484
4698,570
4699,947
4700,1171
4701,573
4702,382
4703,806
4704,213
4705,19
4706,7
4707,3
4708,3
4709,2
4710,11
4711,108
4712,251
4713,326
4714,179
4715,251
4716,243
4717,455
4718,486
4719,368
4720,322
4721,353
4722,513
4723,492
4724,413
4725,306
4726,271
4727,139
4728,85
4729,27
4730,8
4731,2
4732,0
4733,4
4734,8
4735,57
4736,160
4737,216
4738,145
4739,112
4740,167
4741,297
4742,330
4743,192
4744,177
4745,238
4746,324
4747,344
4748,322
4749,279
4750,264
4751,168
4752,87
4753,105
4754,40
4755,17
4756,15
4757,5
4758,16
4759,18
4760,49
4761,110
4762,203
4763,408
4764,678
4765,1197
4766,584
4767,470
4768,875
4769,1507
4770,2791
4771,3962
4772,4135
4773,3441
4774,667
4775,211
4776,139
4777,42
4778,6
4779,5
4780,7
4781,6
4782,10
4783,105
4784,208
4785,331
4786,227
4787,224
4788,196
4789,400
4790,373
4791,145
4792,131
4793,135
4794,252
4795,426
4796,376
4797,557
4798,360
4799,262
4800,98
4801,88
4802,22
4803,14
4804,6
4805,9
4806,1
4807,10
4808,40
4809,72
4810,96
4811,142
4812,282
4813,309
4814,282
4815,319
4816,361
4817,232
4818,314
4819,232
4820,147
4821,119
4822,90
4823,71
4824,46
4825,12
4826,10
4827,1
4828,1
4829,1
4830,20
4831,95
4832,163
4833,299
4834,184
4835,143
4836,124
4837,386
4838,319
4839,180
4840,134
4841,221
4842,245
4843,260
4844,192
4845,164
4846,109
4847,90
4848,42
4849,155
4850,37
4851,20
4852,8
4853,6
4854,14
4855,22
4856,47
4857,62
4858,219
4859,299
4860,377
4861,456
4862,409
4863,481
4864,544
4865,488
4866,657
4867,829
4868,437
4869,315
4870,189
4871,846
4872,144
4873,21
4874,11
4875,4
4876,6
4877,2
4878,9
4879,104
4880,161
4881,276
4882,192
4883,196
4884,250
4885,414
4886,470
4887,300
4888,281
4889,342
4890,536
4891,456
4892,331
4893,368
4894,397
4895,132
4896,73
4897,27
4898,10
4899,5
4900,3
4901,6
4902,16
4903,80
4904,187
4905,289
4906,185
4907,196
4908,243
4909,532
4910,394
4911,292
4912,295
4913,332
4914,430
4915,412
4916,385
4917,448
4918,246
4919,187
4920,139
4921,25
4922,22
4923,3
4924,5
4925,NaN
4926,14
4927,33
4928,125
4929,196
4930,151
4931,151
4932,145
4933,299
4934,341
4935,210
4936,142
4937,210
4938,260
4939,296
4940,174
4941,195
4942,133
4943,81
4944,36
4945,6
4946,5
4947,1
4948,2
4949,3
4950,10
4951,68
4952,133
4953,283
4954,134
4955,92
4956,138
4957,320
4958,252
4959,153
4960,100
4961,164
4962,187
4963,196
4964,155
4965,103
4966,72
4967,35
4968,30
4969,22
4970,6
4971,4
4972,4
4973,1
4974,12
4975,51
4976,174
4977,265
4978,232
4979,154
4980,211
4981,532
4982,514
4983,257
4984,206
4985,254
4986,323
4987,362
4988,253
4989,218
4990,176
4991,86
4992,56
4993,13
4994,3
4995,2
4996,0
4997,1
4998,13
4999,72
5000,182
5001,298
5002,172
5003,126
5004,146
5005,259
5006,232
5007,194
5008,205
5009,180
5010,197
5011,214
5012,136
5013,109
5014,79
5015,80
5016,39
5017,52
5018,27
5019,2
5020,9
5021,2
5022,15
5023,109
5024,216
5025,327
5026,208
5027,117
5028,119
5029,177
5030,161
5031,104
5032,116
5033,189
5034,238
5035,229
5036,360
5037,478
5038,461
5039,282
5040,123
5041,24
5042,5
5043,2
5044,6
5045,4
5046,20
5047,55
5048,134
5049,315
5050,212
5051,207
5052,214
5053,513
5054,502
5055,394
5056,310
5057,372
5058,505
5059,410
5060,392
5061,327
5062,356
5063,202
5064,74
5065,99
5066,31
5067,20
5068,8
5069,5
5070,11
5071,11
5072,41
5073,110
5074,155
5075,353
5076,465
5077,438
5078,316
5079,377
5080,423
5081,431
5082,383
5083,250
5084,262
5085,215
5086,132
5087,92
5088,34
5089,64
5090,46
5091,28
5092,5
5093,3
5094,15
5095,81
5096,146
5097,311
5098,337
5099,192
5100,217
5101,368
5102,277
5103,75
5104,170
5105,254
5106,319
5107,225
5108,140
5109,117
5110,92
5111,29
5112,16
5113,2
5114,5
5115,3
5116,3
5117,0
5118,5
5119,14
5120,89
5121,196
5122,137
5123,109
5124,96
5125,274
5126,278
5127,208
5128,207
5129,195
5130,247
5131,271
5132,216
5133,239
5134,161
5135,92
5136,31
5137,112
5138,36
5139,33
5140,5
5141,4
5142,4
5143,23
5144,39
5145,113
5146,196
5147,298
5148,353
5149,356
5150,499
5151,503
5152,507
5153,576
5154,556
5155,697
5156,442
5157,430
5158,329
5159,618
5160,243
5161,19
5162,7
5163,3
5164,2
5165,3
5166,16
5167,76
5168,184
5169,291
5170,221
5171,220
5172,167
5173,406
5174,509
5175,242
5176,193
5177,193
5178,309
5179,287
5180,206
5181,118
5182,76
5183,46
5184,17
5185,22
5186,6
5187,3
5188,3
5189,3
5190,15
5191,48
5192,159
5193,239
5194,197
5195,116
5196,162
5197,277
5198,372
5199,115
5200,96
5201,67
5202,143
5203,211
5204,196
5205,127
5206,106
5207,103
5208,87
5209,115
5210,18
5211,5
5212,11
5213,6
5214,14
5215,39
5216,102
5217,226
5218,203
5219,290
5220,358
5221,519
5222,557
5223,382
5224,382
5225,339
5226,454
5227,426
5228,517
5229,541
5230,462
5231,283
5232,180
5233,49
5234,15
5235,6
5236,2
5237,6
5238,6
5239,25
5240,115
5241,234
5242,141
5243,136
5244,202
5245,323
5246,344
5247,208
5248,226
5249,223
5250,398
5251,499
5252,324
5253,288
5254,253
5255,180
5256,53
5257,102
5258,49
5259,18
5260,13
5261,10
5262,12
5263,38
5264,69
5265,148
5266,183
5267,242
5268,269
5269,346
5270,342
5271,650
5272,904
5273,689
5274,451
5275,597
5276,1311
5277,861
5278,720
5279,404
5280,235
5281,30
5282,6
5283,6
5284,1
5285,1
5286,6
5287,63
5288,171
5289,253
5290,184
5291,168
5292,171
5293,420
5294,504
5295,256
5296,226
5297,262
5298,381
5299,291
5300,163
5301,152
5302,42
5303,40
5304,17
5305,36
5306,6
5307,3
5308,3
5309,2
5310,21
5311,92
5312,172
5313,312
5314,238
5315,153
5316,150
5317,340
5318,339
5319,193
5320,174
5321,195
5322,312
5323,376
5324,341
5325,482
5326,318
5327,212
5328,94
5329,10
5330,NaN
5331,6
5332,1
5333,NaN
5334,9
5335,45
5336,170
5337,304
5338,202
5339,158
5340,221
5341,284
5342,122
5343,171
5344,178
5345,243
5346,226
5347,170
5348,144
5349,80
5350,73
5351,49
5352,36
5353,51
5354,19
5355,26
5356,6
5357,7
5358,7
5359,26
5360,49
5361,76
5362,143
5363,201
5364,351
5365,549
5366,1149
5367,516
5368,376
5369,768
5370,638
5371,412
5372,424
5373,292
5374,256
5375,208
5376,200
5377,11
5378,7
5379,2
5380,1
5381,1
5382,18
5383,59
5384,308
5385,325
5386,228
5387,150
5388,244
5389,360
5390,303
5391,261
5392,174
5393,157
5394,299
5395,225
5396,143
5397,160
5398,124
5399,57
5400,41
5401,26
5402,11
5403,8
5404,2
5405,1
5406,13
5407,71
5408,204
5409,293
5410,180
5411,77
5412,82
5413,280
5414,331
5415,173
5416,192
5417,255
5418,273
5419,292
5420,190
5421,216
5422,136
5423,93
5424,43
5425,35
5426,17
5427,12
5428,13
5429,4
5430,10
5431,40
5432,73
5433,152
5434,177
5435,298
5436,377
5437,818
5438,1073
5439,443
5440,463
5441,1202
5442,758
5443,455
5444,535
5445,462
5446,372
5447,290
5448,176
5449,35
5450,7
5451,9
5452,11
5453,5
5454,24
5455,149
5456,116
5457,186
5458,146
5459,121
5460,175
5461,265
5462,292
5463,217
5464,207
5465,222
5466,304
5467,365
5468,402
5469,312
5470,245
5471,150
5472,78
5473,9
5474,9
5475,6
5476,2
5477,6
5478,12
5479,72
5480,156
5481,256
5482,190
5483,116
5484,152
5485,384
5486,350
5487,270
5488,73
5489,133
5490,240
5491,199
5492,161
5493,153
5494,72
5495,61
5496,46
5497,44
5498,14
5499,7
5500,2
5501,3
5502,5
5503,26
5504,68
5505,140
5506,173
5507,308
5508,259
5509,251
5510,246
5511,194
5512,165
5513,184
5514,250
5515,394
5516,376
5517,302
5518,246
5519,136
5520,108
5521,20
5522,7
5523,1
5524,1
5525,2
5526,17
5527,81
5528,152
5529,263
5530,197
5531,134
5532,222
5533,346
5534,443
5535,250
5536,187
5537,242
5538,309
5539,283
5540,182
5541,141
5542,162
5543,61
5544,62
5545,103
5546,55
5547,14
5548,14
5549,11
5550,1
5551,25
5552,50
5553,132
5554,195
5555,365
5556,391
5557,451
5558,510
5559,556
5560,544
5561,451
5562,547
5563,330
5564,298
5565,350
5566,267
5567,157
5568,84
5569,12
5570,2
5571,3
5572,3
5573,10
5574,10
5575,81
5576,220
5577,297
5578,175
5579,123
5580,161
5581,381
5582,297
5583,234
5584,157
5585,163
5586,248
5587,236
5588,136
5589,140
5590,101
5591,52
5592,30
5593,15
5594,8
5595,5
5596,0
5597,3
5598,22
5599,83
5600,184
5601,247
5602,169
5603,103
5604,182
5605,357
5606,250
5607,130
5608,135
5609,152
5610,231
5611,230
5612,154
5613,105
5614,52
5615,90
5616,30
5617,31
5618,30
5619,19
5620,2
5621,10
5622,7
5623,35
5624,45
5625,110
5626,198
5627,241
5628,369
5629,433
5630,494
5631,469
5632,503
5633,466
5634,603
5635,1065
5636,1233
5637,353
5638,431
5639,998
5640,180
5641,12
5642,6
5643,1
5644,3
5645,1
5646,15
5647,72
5648,167
5649,401
5650,203
5651,227
5652,242
5653,398
5654,383
5655,173
5656,132
5657,189
5658,319
5659,240
5660,158
5661,102
5662,85
5663,88
5664,44
5665,16
5666,9
5667,0
5668,3
5669,1
5670,8
5671,52
5672,1289
5673,848
5674,1466
5675,1547
5676,1755
5677,1888
5678,2340
5679,2234
5680,392
5681,140
5682,243
5683,186
5684,115
5685,141
5686,81
5687,44
5688,28
5689,35
5690,13
5691,5
5692,5
5693,4
5694,9
5695,23
5696,89
5697,193
5698,170
5699,198
5700,187
5701,303
5702,273
5703,147
5704,202
5705,155
5706,345
5707,403
5708,353
5709,555
5710,704
5711,394
5712,200
5713,49
5714,13
5715,5
5716,4
5717,1
5718,8
5719,20
5720,69
5721,100
5722,179
5723,224
5724,379
5725,410
5726,591
5727,768
5728,824
5729,1074
5730,1741
5731,3193
5732,3490
5733,3961
5734,3478
5735,3360
5736,555
5737,42
5738,21
5739,8
5740,7
5741,7
5742,3
5743,22
5744,68
5745,114
5746,205
5747,222
5748,276
5749,319
5750,322
5751,445
5752,357
5753,435
5754,263
5755,293
5756,331
5757,315
5758,268
5759,257
5760,165
5761,26
5762,6
5763,3
5764,1
5765,5
5766,21
5767,119
5768,210
5769,311
5770,178
5771,144
5772,147
5773,318
5774,267
5775,117
5776,164
5777,190
5778,365
5779,416
5780,375
5781,424
5782,468
5783,224
5784,96
5785,47
5786,34
5787,19
5788,15
5789,7
5790,4
5791,14
5792,29
5793,62
5794,120
5795,245
5796,233
5797,209
5798,146
5799,208
5800,306
5801,521
5802,250
5803,144
5804,96
5805,59
5806,85
5807,57
5808,27
5809,59
5810,43
5811,8
5812,2
5813,8
5814,8
5815,14
5816,44
5817,85
5818,159
5819,203
5820,250
5821,279
5822,308
5823,376
5824,343
5825,442
5826,356
5827,336
5828,327
5829,217
5830,221
5831,169
5832,78
5833,230
5834,102
5835,30
5836,18
5837,13
5838,5
5839,17
5840,49
5841,191
5842,421
5843,466
5844,409
5845,356
5846,420
5847,487
5848,688
5849,1355
5850,2105
5851,2665
5852,1277
5853,653
5854,457
5855,2045
5856,279
5857,38
5858,22
5859,5
5860,4
5861,2
5862,19
5863,92
5864,152
5865,314
5866,173
5867,112
5868,162
5869,298
5870,209
5871,206
5872,141
5873,221
5874,222
5875,279
5876,361
5877,329
5878,133
5879,162
5880,53
5881,8
5882,4
5883,5
5884,2
5885,2
5886,22
5887,57
5888,157
5889,282
5890,194
5891,147
5892,162
5893,276
5894,262
5895,164
5896,193
5897,229
5898,282
5899,262
5900,144
5901,98
5902,116
5903,59
5904,21
5905,49
5906,15
5907,5
5908,5
5909,3
5910,11
5911,82
5912,174
5913,263
5914,179
5915,202
5916,205
5917,426
5918,457
5919,331
5920,243
5921,265
5922,374
5923,458
5924,392
5925,351
5926,274
5927,221
5928,64
5929,12
5930,3
5931,3
5932,3
5933,4
5934,10
5935,75
5936,200
5937,429
5938,316
5939,248
5940,274
5941,384
5942,392
5943,200
5944,181
5945,203
5946,317
5947,303
5948,156
5949,108
5950,93
5951,63
5952,34
5953,85
5954,21
5955,6
5956,11
5957,8
5958,21
5959,112
5960,173
5961,310
5962,110
5963,55
5964,148
5965,332
5966,269
5967,174
5968,206
5969,217
5970,390
5971,377
5972,420
5973,342
5974,277
5975,116
5976,80
5977,20
5978,8
5979,1
5980,0
5981,2
5982,12
5983,100
5984,151
5985,257
5986,114
5987,93
5988,121
5989,346
5990,309
5991,217
5992,182
5993,226
5994,301
5995,492
5996,159
5997,189
5998,145
5999,99
6000,24
6001,65
6002,33
6003,17
6004,17
6005,19
6006,14
6007,38
6008,61
6009,63
6010,146
6011,251
6012,401
6013,383
6014,367
6015,445
6016,452
6017,559
6018,588
6019,491
6020,617
6021,708
6022,513
6023,286
6024,112
6025,51
6026,22
6027,12
6028,5
6029,5
6030,8
6031,12
6032,30
6033,143
6034,220
6035,298
6036,440
6037,590
6038,421
6039,556
6040,500
6041,282
6042,263
6043,968
6044,218
6045,110
6046,135
6047,71
6048,23
6049,15
6050,4
6051,15
6052,5
6053,2
6054,8
6055,24
6056,113
6057,254
6058,141
6059,124
6060,133
6061,218
6062,227
6063,174
6064,170
6065,156
6066,284
6067,276
6068,171
6069,115
6070,112
6071,52
6072,16
6073,13
6074,4
6075,4
6076,4
6077,2
6078,10
6079,83
6080,162
6081,283
6082,159
6083,126
6084,193
6085,420
6086,327
6087,146
6088,206
6089,199
6090,251
6091,244
6092,158
6093,110
6094,89
6095,35
6096,15
6097,11
6098,2
6099,4
6100,2
6101,5
6102,18
6103,80
6104,193
6105,315
6106,194
6107,158
6108,189
6109,366
6110,322
6111,217
6112,196
6113,43
6114,79
6115,130
6116,80
6117,94
6118,50
6119,60
6120,23
6121,109
6122,64
6123,23
6124,12
6125,14
6126,8
6127,18
6128,47
6129,153
6130,254
6131,377
6132,702
6133,1413
6134,661
6135,591
6136,855
6137,1031
6138,430
6139,301
6140,226
6141,160
6142,121
6143,89
6144,52
6145,99
6146,28
6147,27
6148,15
6149,9
6150,18
6151,9
6152,42
6153,141
6154,252
6155,555
6156,614
6157,785
6158,740
6159,595
6160,699
6161,603
6162,546
6163,511
6164,512
6165,486
6166,345
6167,217
6168,88
6169,28
6170,32
6171,4
6172,4
6173,4
6174,4
6175,17
6176,36
6177,63
6178,126
6179,192
6180,240
6181,213
6182,254
6183,271
6184,328
6185,322
6186,324
6187,731
6188,439
6189,160
6190,138
6191,597
6192,74
6193,34
6194,17
6195,2
6196,4
6197,4
6198,4
6199,60
6200,245
6201,332
6202,262
6203,370
6204,182
6205,158
6206,240
6207,164
6208,234
6209,156
6210,284
6211,184
6212,116
6213,96
6214,66
6215,36
6216,13
6217,16
6218,12
6219,2
6220,1
6221,0
6222,16
6223,92
6224,155
6225,217
6226,161
6227,141
6228,206
6229,398
6230,445
6231,205
6232,238
6233,220
6234,377
6235,425
6236,559
6237,368
6238,407
6239,381
6240,137
6241,18
6242,6
6243,3
6244,2
6245,1
6246,6
6247,83
6248,117
6249,216
6250,108
6251,138
6252,118
6253,322
6254,346
6255,159
6256,160
6257,218
6258,220
6259,220
6260,174
6261,149
6262,103
6263,52
6264,23
6265,67
6266,23
6267,17
6268,25
6269,3
6270,3
6271,12
6272,27
6273,62
6274,171
6275,265
6276,307
6277,406
6278,553
6279,1003
6280,503
6281,334
6282,264
6283,779
6284,236
6285,144
6286,101
6287,80
6288,60
6289,10
6290,7
6291,5
6292,2
6293,5
6294,14
6295,58
6296,199
6297,317
6298,197
6299,156
6300,197
6301,403
6302,372
6303,259
6304,257
6305,221
6306,312
6307,252
6308,296
6309,187
6310,128
6311,33
6312,33
6313,13
6314,6
6315,1
6316,3
6317,0
6318,12
6319,37
6320,121
6321,217
6322,123
6323,121
6324,170
6325,388
6326,312
6327,254
6328,164
6329,257
6330,286
6331,378
6332,275
6333,201
6334,204
6335,106
6336,48
6337,6
6338,8
6339,2
6340,1
6341,1
6342,15
6343,65
6344,197
6345,223
6346,114
6347,85
6348,105
6349,304
6350,259
6351,176
6352,180
6353,149
6354,198
6355,227
6356,113
6357,134
6358,83
6359,51
6360,29
6361,3
6362,5
6363,3
6364,9
6365,0
6366,20
6367,93
6368,161
6369,245
6370,210
6371,213
6372,219
6373,447
6374,460
6375,258
6376,292
6377,316
6378,619
6379,1197
6380,885
6381,340
6382,321
6383,925
6384,209
6385,57
6386,11
6387,13
6388,13
6389,6
6390,10
6391,57
6392,127
6393,181
6394,148
6395,198
6396,257
6397,352
6398,379
6399,270
6400,232
6401,269
6402,425
6403,385
6404,136
6405,157
6406,193
6407,99
6408,16
6409,12
6410,3
6411,3
6412,1
6413,4
6414,10
6415,50
6416,141
6417,280
6418,238
6419,168
6420,210
6421,456
6422,494
6423,298
6424,232
6425,218
6426,316
6427,294
6428,369
6429,231
6430,169
6431,103
6432,64
6433,162
6434,54
6435,41
6436,32
6437,13
6438,16
6439,34
6440,54
6441,119
6442,269
6443,413
6444,546
6445,678
6446,603
6447,617
6448,676
6449,452
6450,416
6451,402
6452,471
6453,622
6454,489
6455,316
6456,140
6457,28
6458,10
6459,12
6460,7
6461,1
6462,16
6463,52
6464,184
6465,236
6466,177
6467,160
6468,208
6469,454
6470,446
6471,337
6472,241
6473,347
6474,397
6475,347
6476,283
6477,224
6478,181
6479,103
6480,58
6481,49
6482,11
6483,10
6484,5
6485,6
6486,6
6487,13
6488,31
6489,90
6490,142
6491,240
6492,311
6493,256
6494,284
6495,224
6496,334
6497,317
6498,404
6499,883
6500,700
6501,209
6502,234
6503,1047
6504,132
6505,19
6506,12
6507,1
6508,3
6509,8
6510,6
6511,199
6512,210
6513,352
6514,302
6515,241
6516,235
6517,486
6518,365
6519,348
6520,217
6521,301
6522,386
6523,434
6524,488
6525,559
6526,373
6527,270
6528,143
6529,60
6530,16
6531,12
6532,14
6533,10
6534,2
6535,18
6536,63
6537,104
6538,128
6539,185
6540,218
6541,292
6542,303
6543,253
6544,278
6545,399
6546,283
6547,395
6548,308
6549,274
6550,177
6551,151
6552,120
6553,77
6554,35
6555,21
6556,11
6557,3
6558,7
6559,43
6560,72
6561,146
6562,175
6563,207
6564,217
6565,242
6566,328
6567,358
6568,333
6569,348
6570,437
6571,528
6572,686
6573,742
6574,644
6575,453
6576,200
6577,26
6578,17
6579,3
6580,2
6581,2
6582,15
6583,57
6584,160
6585,289
6586,209
6587,181
6588,235
6589,423
6590,410
6591,289
6592,211
6593,274
6594,379
6595,498
6596,308
6597,268
6598,277
6599,240
6600,128
6601,98
6602,48
6603,6
6604,8
6605,3
6606,6
6607,14
6608,62
6609,194
6610,393
6611,614
6612,952
6613,1436
6614,811
6615,734
6616,837
6617,1024
6618,475
6619,317
6620,220
6621,156
6622,123
6623,76
6624,47
6625,16
6626,14
6627,7
6628,1
6629,5
6630,7
6631,13
6632,41
6633,59
6634,121
6635,151
6636,265
6637,480
6638,782
6639,190
6640,179
6641,982
6642,213
6643,225
6644,178
6645,113
6646,91
6647,136
6648,60
6649,85
6650,25
6651,10
6652,1
6653,0
6654,9
6655,38
6656,96
6657,104
6658,132
6659,304
6660,380
6661,426
6662,492
6663,517
6664,559
6665,458
6666,500
6667,572
6668,458
6669,614
6670,488
6671,303
6672,213
6673,37
6674,5
6675,10
6676,1
6677,0
6678,41
6679,120
6680,184
6681,309
6682,224
6683,155
6684,153
6685,383
6686,297
6687,177
6688,170
6689,219
6690,299
6691,385
6692,329
6693,466
6694,309
6695,209
6696,64
6697,10
6698,4
6699,1
6700,1
6701,1
6702,13
6703,58
6704,182
6705,260
6706,204
6707,185
6708,278
6709,566
6710,502
6711,317
6712,377
6713,417
6714,637
6715,874
6716,968
6717,507
6718,508
6719,729
6720,340
6721,10
6722,1
6723,1
6724,2
6725,1
6726,19
6727,66
6728,165
6729,292
6730,166
6731,128
6732,211
6733,184
6734,163
6735,177
6736,153
6737,214
6738,350
6739,303
6740,156
6741,145
6742,103
6743,59
6744,27
6745,31
6746,10
6747,3
6748,0
6749,3
6750,20
6751,98
6752,217
6753,317
6754,176
6755,92
6756,160
6757,305
6758,233
6759,142
6760,109
6761,144
6762,310
6763,328
6764,370
6765,474
6766,431
6767,191
6768,95
6769,11
6770,3
6771,2
6772,2
6773,8
6774,10
6775,60
6776,200
6777,290
6778,155
6779,153
6780,112
6781,184
6782,146
6783,169
6784,137
6785,139
6786,135
6787,91
6788,75
6789,46
6790,45
6791,33
6792,28
6793,26
6794,17
6795,2
6796,4
6797,1
6798,2
6799,34
6800,133
6801,242
6802,222
6803,163
6804,173
6805,388
6806,417
6807,318
6808,301
6809,361
6810,414
6811,385
6812,309
6813,237
6814,176
6815,113
6816,57
6817,4
6818,7
6819,6
6820,5
6821,4
6822,9
6823,71
6824,177
6825,298
6826,220
6827,153
6828,289
6829,486
6830,465
6831,266
6832,285
6833,297
6834,359
6835,398
6836,328
6837,318
6838,186
6839,87
6840,54
6841,7
6842,4
6843,2
6844,4
6845,1
6846,18
6847,47
6848,144
6849,213
6850,170
6851,103
6852,90
6853,211
6854,111
6855,126
6856,142
6857,161
6858,243
6859,195
6860,127
6861,76
6862,89
6863,68
6864,44
6865,40
6866,12
6867,7
6868,23
6869,7
6870,5
6871,10
6872,25
6873,66
6874,127
6875,237
6876,402
6877,679
6878,283
6879,203
6880,406
6881,505
6882,220
6883,159
6884,104
6885,109
6886,67
6887,70
6888,25
6889,125
6890,24
6891,14
6892,21
6893,4
6894,5
6895,23
6896,41
6897,90
6898,148
6899,308
6900,375
6901,447
6902,420
6903,403
6904,562
6905,502
6906,328
6907,302
6908,576
6909,175
6910,95
6911,74
6912,30
6913,36
6914,9
6915,13
6916,10
6917,2
6918,7
6919,16
6920,58
6921,79
6922,209
6923,267
6924,297
6925,363
6926,580
6927,950
6928,1421
6929,628
6930,424
6931,393
6932,1196
6933,335
6934,252
6935,196
6936,75
6937,62
6938,167
6939,459
6940,272
6941,22
6942,3
6943,24
6944,65
6945,134
6946,327
6947,478
6948,520
6949,586
6950,704
6951,683
6952,749
6953,491
6954,537
6955,434
6956,467
6957,501
6958,414
6959,251
6960,68
6961,16
6962,12
6963,7
6964,2
6965,2
6966,3
6967,3
6968,18
6969,12
6970,66
6971,84
6972,103
6973,38
6974,87
6975,77
6976,159
6977,51
6978,9
6979,42
6980,43
6981,21
6982,9
6983,25
6984,26
6985,157
6986,46
6987,33
6988,25
6989,4
6990,14
6991,46
6992,73
6993,189
6994,414
6995,618
6996,939
6997,893
6998,847
6999,935
7000,1031
7001,898
7002,958
7003,876
7004,760
7005,590
7006,311
7007,189
7008,81
7009,48
7010,20
7011,30
7012,2
7013,3
7014,22
7015,78
7016,225
7017,287
7018,221
7019,203
7020,160
7021,313
7022,394
7023,334
7024,301
7025,341
7026,367
7027,465
7028,316
7029,262
7030,316
7031,269
7032,135
7033,13
7034,10
7035,1
7036,5
7037,1
7038,15
7039,78
7040,201
7041,276
7042,203
7043,135
7044,145
7045,407
7046,322
7047,240
7048,163
7049,225
7050,429
7051,263
7052,169
7053,106
7054,95
7055,88
7056,25
7057,19
7058,22
7059,7
7060,0
7061,1
7062,15
7063,105
7064,151
7065,279
7066,228
7067,176
7068,245
7069,489
7070,503
7071,380
7072,271
7073,301
7074,371
7075,363
7076,303
7077,306
7078,288
7079,126
7080,66
7081,56
7082,63
7083,15
7084,4
7085,28
7086,7
7087,31
7088,59
7089,127
7090,166
7091,217
7092,308
7093,347
7094,220
7095,295
7096,347
7097,364
7098,398
7099,422
7100,426
7101,479
7102,312
7103,256
7104,189
7105,21
7106,14
7107,4
7108,1
7109,2
7110,11
7111,90
7112,191
7113,279
7114,230
7115,176
7116,260
7117,511
7118,577
7119,341
7120,313
7121,342
7122,401
7123,364
7124,347
7125,468
7126,393
7127,236
7128,68
7129,111
7130,27
7131,18
7132,6
7133,16
7134,6
7135,28
7136,66
7137,99
7138,185
7139,233
7140,217
7141,268
7142,331
7143,395
7144,360
7145,431
7146,600
7147,748
7148,378
7149,222
7150,487
7151,689
7152,207
7153,10
7154,4
7155,2
7156,12
7157,4
7158,15
7159,51
7160,134
7161,177
7162,78
7163,135
7164,4
7165,1
7166,1
7167,3
7168,137
7169,161
7170,249
7171,227
7172,63
7173,52
7174,81
7175,41
7176,36
7177,14
7178,8
7179,10
7180,3
7181,10
7182,20
7183,96
7184,172
7185,262
7186,252
7187,148
7188,139
7189,326
7190,367
7191,241
7192,208
7193,252
7194,347
7195,487
7196,221
7197,134
7198,146
7199,50
7200,14
7201,63
7202,17
7203,23
7204,12
7205,2
7206,1
7207,12
7208,32
7209,63
7210,169
7211,243
7212,311
7213,381
7214,704
7215,1354
7216,710
7217,350
7218,611
7219,1067
7220,300
7221,190
7222,171
7223,91
7224,38
7225,7
7226,8
7227,1
7228,2
7229,3
7230,17
7231,59
7232,173
7233,243
7234,169
7235,165
7236,116
7237,322
7238,308
7239,183
7240,204
7241,293
7242,333
7243,312
7244,217
7245,108
7246,124
7247,71
7248,43
7249,10
7250,3
7251,10
7252,2
7253,2
7254,10
7255,57
7256,168
7257,225
7258,114
7259,110
7260,148
7261,416
7262,337
7263,369
7264,190
7265,189
7266,337
7267,297
7268,306
7269,305
7270,171
7271,143
7272,41
7273,17
7274,15
7275,5
7276,3
7277,11
7278,21
7279,72
7280,152
7281,286
7282,237
7283,132
7284,160
7285,639
7286,419
7287,302
7288,279
7289,302
7290,325
7291,381
7292,316
7293,263
7294,240
7295,151
7296,109
7297,112
7298,55
7299,24
7300,27
7301,16
7302,8
7303,26
7304,88
7305,181
7306,314
7307,503
7308,563
7309,659
7310,776
7311,1182
7312,978
7313,611
7314,591
7315,1043
7316,443
7317,325
7318,231
7319,162
7320,104
7321,48
7322,35
7323,22
7324,10
7325,9
7326,8
7327,22
7328,63
7329,80
7330,165
7331,256
7332,313
7333,685
7334,960
7335,425
7336,484
7337,1517
7338,3103
7339,4850
7340,3712
7341,4090
7342,1286
7343,342
7344,107
7345,21
7346,9
7347,3
7348,2
7349,1
7350,18
7351,111
7352,165
7353,285
7354,172
7355,283
7356,180
7357,368
7358,542
7359,324
7360,263
7361,287
7362,337
7363,426
7364,410
7365,509
7366,398
7367,311
7368,134
7369,32
7370,10
7371,4
7372,2
7373,3
7374,19
7375,108
7376,184
7377,291
7378,208
7379,152
7380,132
7381,384
7382,361
7383,205
7384,221
7385,236
7386,317
7387,399
7388,294
7389,377
7390,234
7391,175
7392,43
7393,95
7394,43
7395,15
7396,11
7397,4
7398,27
7399,23
7400,66
7401,94
7402,231
7403,279
7404,235
7405,353
7406,454
7407,582
7408,605
7409,409
7410,347
7411,380
7412,365
7413,311
7414,245
7415,120
7416,64
7417,5
7418,10
7419,4
7420,5
7421,9
7422,5
7423,47
7424,183
7425,303
7426,212
7427,170
7428,221
7429,257
7430,292
7431,163
7432,127
7433,147
7434,186
7435,186
7436,116
7437,92
7438,73
7439,55
7440,14
7441,118
7442,43
7443,19
7444,10
7445,2
7446,15
7447,13
7448,35
7449,84
7450,166
7451,252
7452,292
7453,395
7454,391
7455,482
7456,446
7457,462
7458,377
7459,234
7460,152
7461,188
7462,131
7463,100
7464,34
7465,28
7466,13
7467,11
7468,14
7469,6
7470,5
7471,44
7472,92
7473,191
7474,301
7475,312
7476,462
7477,605
7478,610
7479,482
7480,101
7481,NaN
7482,548
7483,853
7484,470
7485,437
7486,512
7487,911
7488,157
7489,42
7490,19
7491,NaN
7492,2
7493,99
7494,3
7495,19
7496,51
7497,64
7498,194
7499,300
7500,430
7501,526
7502,489
7503,593
7504,567
7505,471
7506,487
7507,360
7508,357
7509,202
7510,172
7511,162
7512,80
7513,10
7514,8
7515,0
7516,1
7517,2
7518,19
7519,70
7520,148
7521,274
7522,199
7523,203
7524,302
7525,501
7526,584
7527,459
7528,411
7529,374
7530,443
7531,255
7532,200
7533,190
7534,122
7535,59
7536,25
7537,7
7538,3
7539,4
7540,2
7541,1
7542,13
7543,75
7544,183
7545,321
7546,166
7547,173
7548,212
7549,408
7550,409
7551,352
7552,302
7553,291
7554,424
7555,537
7556,303
7557,273
7558,161
7559,95
7560,32
7561,111
7562,8
7563,2
7564,9
7565,2
7566,9
7567,91
7568,212
7569,358
7570,260
7571,324
7572,254
7573,497
7574,448
7575,417
7576,289
7577,744
7578,367
7579,297
7580,403
7581,499
7582,447
7583,168
7584,115
7585,31
7586,7
7587,13
7588,10
7589,NaN
7590,12
7591,62
7592,156
7593,194
7594,207
7595,177
7596,205
7597,243
7598,265
7599,305
7600,323
7601,321
7602,422
7603,562
7604,725
7605,235
7606,174
7607,443
7608,69
7609,22
7610,17
7611,2
7612,2
7613,4
7614,16
7615,75
7616,156
7617,268
7618,146
7619,176
7620,177
7621,432
7622,388
7623,227
7624,211
7625,266
7626,364
7627,284
7628,158
7629,202
7630,157
7631,52
7632,42
7633,5
7634,5
7635,2
7636,1
7637,0
7638,5
7639,42
7640,129
7641,177
7642,166
7643,154
7644,83
7645,314
7646,270
7647,119
7648,97
7649,171
7650,233
7651,236
7652,150
7653,141
7654,108
7655,103
7656,22
7657,8
7658,4
7659,1
7660,0
7661,1
7662,10
7663,83
7664,169
7665,240
7666,148
7667,165
7668,269
7669,485
7670,453
7671,315
7672,297
7673,301
7674,348
7675,322
7676,226
7677,192
7678,157
7679,78
7680,43
7681,29
7682,16
7683,7
7684,6
7685,6
7686,26
7687,128
7688,182
7689,315
7690,187
7691,189
7692,149
7693,301
7694,299
7695,221
7696,205
7697,208
7698,323
7699,153
7700,291
7701,197
7702,82
7703,84
7704,83
7705,24
7706,15
7707,19
7708,8
7709,1
7710,7
7711,19
7712,52
7713,88
7714,188
7715,258
7716,378
7717,765
7718,1080
7719,431
7720,383
7721,1277
7722,412
7723,361
7724,275
7725,265
7726,171
7727,143
7728,97
7729,8
7730,7
7731,0
7732,1
7733,0
7734,7
7735,17
7736,29
7737,44
7738,117
7739,183
7740,300
7741,162
7742,184
7743,279
7744,149
7745,273
7746,261
7747,302
7748,286
7749,173
7750,70
7751,52
7752,30
7753,33
7754,10
7755,15
7756,5
7757,1
7758,6
7759,53
7760,165
7761,305
7762,189
7763,159
7764,219
7765,425
7766,434
7767,242
7768,322
7769,322
7770,380
7771,428
7772,416
7773,488
7774,319
7775,165
7776,92
7777,14
7778,2
7779,3
7780,4
7781,0
7782,9
7783,39
7784,140
7785,203
7786,149
7787,102
7788,134
7789,230
7790,231
7791,151
7792,143
7793,141
7794,231
7795,195
7796,116
7797,65
7798,91
7799,48
7800,19
7801,46
7802,45
7803,22
7804,5
7805,2
7806,2
7807,25
7808,52
7809,79
7810,172
7811,191
7812,295
7813,388
7814,430
7815,430
7816,492
7817,427
7818,489
7819,484
7820,620
7821,682
7822,592
7823,376
7824,224
7825,13
7826,3
7827,1
7828,NaN
7829,3
7830,13
7831,94
7832,200
7833,266
7834,163
7835,131
7836,203
7837,419
7838,319
7839,343
7840,115
7841,151
7842,205
7843,210
7844,275
7845,118
7846,85
7847,64
7848,45
7849,25
7850,6
7851,3
7852,4
7853,1
7854,21
7855,113
7856,189
7857,297
7858,220
7859,146
7860,149
7861,421
7862,403
7863,269
7864,171
7865,218
7866,448
7867,389
7868,359
7869,364
7870,281
7871,218
7872,77
7873,18
7874,3
7875,10
7876,1
7877,1
7878,10
7879,101
7880,196
7881,279
7882,172
7883,231
7884,216
7885,455
7886,415
7887,272
7888,224
7889,339
7890,344
7891,345
7892,347
7893,328
7894,274
7895,168
7896,60
7897,33
7898,4
7899,3
7900,0
7901,3
7902,16
7903,99
7904,196
7905,206
7906,144
7907,136
7908,222
7909,363
7910,383
7911,283
7912,274
7913,245
7914,368
7915,382
7916,404
7917,487
7918,467
7919,280
7920,147
7921,24
7922,10
7923,2
7924,2
7925,6
7926,18
7927,104
7928,145
7929,255
7930,167
7931,125
7932,189
7933,412
7934,391
7935,274
7936,229
7937,352
7938,452
7939,584
7940,576
7941,368
7942,289
7943,414
7944,73
7945,38
7946,25
7947,7
7948,14
7949,9
7950,13
7951,60
7952,156
7953,264
7954,245
7955,184
7956,300
7957,469
7958,382
7959,385
7960,432
7961,408
7962,443
7963,461
7964,507
7965,475
7966,586
7967,308
7968,151
7969,53
7970,19
7971,14
7972,10
7973,NaN
7974,3
7975,21
7976,59
7977,93
7978,135
7979,229
7980,250
7981,207
7982,277
7983,259
7984,292
7985,306
7986,233
7987,247
7988,221
7989,190
7990,146
7991,136
7992,89
7993,60
7994,12
7995,5
7996,14
7997,3
7998,7
7999,34
8000,56
8001,113
8002,161
8003,255
8004,215
8005,325
8006,390
8007,387
8008,359
8009,429
8010,616
8011,920
8012,539
8013,240
8014,300
8015,910
8016,163
8017,26
8018,1
8019,1
8020,8
8021,2
8022,20
8023,92
8024,188
8025,300
8026,174
8027,222
8028,148
8029,394
8030,280
8031,284
8032,230
8033,240
8034,353
8035,284
8036,220
8037,252
8038,185
8039,113
8040,43
8041,110
8042,43
8043,38
8044,22
8045,7
8046,7
8047,27
8048,81
8049,122
8050,179
8051,330
8052,396
8053,406
8054,376
8055,390
8056,514
8057,456
8058,434
8059,591
8060,511
8061,467
8062,372
8063,365
8064,231
8065,53
8066,21
8067,0
8068,0
8069,2
8070,11
8071,54
8072,70
8073,142
8074,97
8075,135
8076,154
8077,226
8078,376
8079,207
8080,291
8081,261
8082,325
8083,269
8084,269
8085,357
8086,164
8087,119
8088,63
8089,70
8090,55
8091,7
8092,13
8093,9
8094,6
8095,35
8096,76
8097,101
8098,166
8099,256
8100,288
8101,315
8102,348
8103,408
8104,287
8105,407
8106,440
8107,477
8108,500
8109,667
8110,431
8111,244
8112,135
8113,35
8114,32
8115,11
8116,11
8117,3
8118,8
8119,15
8120,53
8121,136
8122,174
8123,248
8124,381
8125,395
8126,477
8127,568
8128,607
8129,487
8130,765
8131,981
8132,639
8133,345
8134,351
8135,517
8136,130
8137,55
8138,8
8139,7
8140,5
8141,3
8142,13
8143,64
8144,175
8145,291
8146,200
8147,130
8148,255
8149,347
8150,368
8151,330
8152,200
8153,216
8154,445
8155,684
8156,733
8157,191
8158,175
8159,881
8160,153
8161,7
8162,1
8163,2
8164,0
8165,0
8166,7
8167,78
8168,197
8169,267
8170,194
8171,222
8172,201
8173,349
8174,298
8175,210
8176,139
8177,139
8178,238
8179,209
8180,118
8181,47
8182,46
8183,47
8184,7
8185,13
8186,12
8187,5
8188,2
8189,NaN
8190,20
8191,54
8192,162
8193,317
8194,166
8195,168
8196,193
8197,421
8198,401
8199,252
8200,248
8201,239
8202,334
8203,265
8204,152
8205,155
8206,92
8207,97
8208,31
8209,30
8210,13
8211,3
8212,1
8213,3
8214,10
8215,78
8216,188
8217,284
8218,279
8219,200
8220,306
8221,516
8222,530
8223,284
8224,287
8225,261
8226,270
8227,182
8228,27
8229,31
8230,47
8231,58
8232,20
8233,55
8234,20
8235,9
8236,5
8237,3
8238,19
8239,94
8240,203
8241,301
8242,223
8243,153
8244,159
8245,271
8246,265
8247,140
8248,139
8249,186
8250,270
8251,380
8252,352
8253,644
8254,407
8255,291
8256,116
8257,38
8258,8
8259,2
8260,7
8261,5
8262,21
8263,97
8264,202
8265,299
8266,193
8267,169
8268,163
8269,433
8270,426
8271,280
8272,256
8273,268
8274,402
8275,391
8276,465
8277,354
8278,292
8279,166
8280,97
8281,29
8282,15
8283,6
8284,17
8285,6
8286,19
8287,111
8288,213
8289,299
8290,240
8291,178
8292,266
8293,486
8294,390
8295,308
8296,261
8297,307
8298,392
8299,458
8300,536
8301,484
8302,345
8303,296
8304,208
8305,37
8306,15
8307,4
8308,2
8309,6
8310,11
8311,80
8312,181
8313,296
8314,180
8315,174
8316,266
8317,497
8318,509
8319,281
8320,330
8321,382
8322,386
8323,473
8324,341
8325,497
8326,364
8327,178
8328,83
8329,141
8330,43
8331,17
8332,7
8333,23
8334,15
8335,43
8336,70
8337,119
8338,177
8339,211
8340,300
8341,321
8342,352
8343,348
8344,441
8345,305
8346,421
8347,618
8348,629
8349,716
8350,690
8351,501
8352,483
8353,14
8354,3
8355,5
8356,1
8357,3
8358,5
8359,99
8360,161
8361,272
8362,164
8363,161
8364,241
8365,366
8366,351
8367,241
8368,172
8369,188
8370,103
8371,179
8372,126
8373,59
8374,82
8375,78
8376,33
8377,31
8378,13
8379,7
8380,3
8381,4
8382,24
8383,96
8384,178
8385,239
8386,201
8387,114
8388,146
8389,253
8390,304
8391,117
8392,156
8393,264
8394,425
8395,441
8396,415
8397,529
8398,428
8399,280
8400,145
8401,57
8402,28
8403,8
8404,4
8405,12
8406,16
8407,70
8408,166
8409,279
8410,220
8411,172
8412,212
8413,328
8414,310
8415,182
8416,212
8417,243
8418,324
8419,371
8420,339
8421,505
8422,523
8423,232
8424,138
8425,24
8426,8
8427,5
8428,8
8429,5
8430,16
8431,88
8432,216
8433,345
8434,196
8435,206
8436,203
8437,514
8438,658
8439,425
8440,377
8441,395
8442,527
8443,488
8444,497
8445,445
8446,384
8447,263
8448,182
8449,48
8450,3
8451,3
8452,1
8453,3
8454,11
8455,79
8456,132
8457,272
8458,188
8459,256
8460,315
8461,513
8462,455
8463,302
8464,311
8465,280
8466,428
8467,342
8468,228
8469,214
8470,154
8471,76
8472,39
8473,16
8474,2
8475,4
8476,1
8477,7
8478,22
8479,86
8480,172
8481,303
8482,181
8483,158
8484,210
8485,419
8486,377
8487,277
8488,180
8489,245
8490,354
8491,225
8492,151
8493,194
8494,104
8495,77
8496,50
8497,8
8498,3
8499,3
8500,1
8501,7
8502,16
8503,69
8504,173
8505,250
8506,211
8507,131
8508,117
8509,267
8510,291
8511,230
8512,209
8513,219
8514,236
8515,216
8516,176
8517,174
8518,52
8519,40
8520,31
8521,122
8522,38
8523,25
8524,12
8525,8
8526,18
8527,25
8528,53
8529,141
8530,397
8531,498
8532,602
8533,498
8534,539
8535,472
8536,464
8537,370
8538,368
8539,387
8540,405
8541,360
8542,113
8543,89
8544,37
8545,38
8546,2
8547,2
8548,2
8549,7
8550,15
8551,76
8552,167
8553,302
8554,138
8555,154
8556,173
8557,335
8558,332
8559,219
8560,161
8561,185
8562,338
8563,226
8564,165
8565,146
8566,123
8567,117
8568,40
8569,30
8570,12
8571,7
8572,1
8573,1
8574,16
8575,110
8576,163
8577,312
8578,154
8579,126
8580,194
8581,284
8582,204
8583,88
8584,98
8585,128
8586,224
8587,273
8588,236
8589,423
8590,383
8591,236
8592,90
8593,15
8594,11
8595,1
8596,1
8597,2
8598,7
8599,53
8600,144
8601,268
8602,170
8603,175
8604,271
8605,543
8606,641
8607,344
8608,275
8609,259
8610,425
8611,412
8612,311
8613,253
8614,144
8615,128
8616,61
8617,32
8618,4
8619,3
8620,2
8621,5
8622,20
8623,109
8624,189
8625,272
8626,218
8627,235
8628,305
8629,425
8630,405
8631,333
8632,309
8633,341
8634,377
8635,434
8636,536
8637,530
8638,413
8639,302
8640,203
8641,17
8642,3
8643,0
8644,3
8645,1
8646,17
8647,49
8648,177
8649,293
8650,216
8651,248
8652,216
8653,597
8654,394
8655,316
8656,380
8657,300
8658,385
8659,369
8660,254
8661,209
8662,154
8663,166
8664,235
8665,96
8666,46
8667,17
8668,28
8669,3
8670,8
8671,39
8672,69
8673,157
8674,232
8675,233
8676,297
8677,346
8678,472
8679,447
8680,469
8681,412
8682,501
8683,892
8684,1122
8685,615
8686,565
8687,882
8688,237
8689,5
8690,1
8691,0
8692,2
8693,5
8694,18
8695,62
8696,137
8697,262
8698,204
8699,184
8700,265
8701,464
8702,469
8703,344
8704,353
8705,206
8706,285
8707,288
8708,186
8709,129
8710,127
8711,80
8712,27
8713,32
8714,11
8715,5
8716,8
8717,1
8718,16
8719,93
8720,227
8721,341
8722,220
8723,162
8724,202
8725,419
8726,442
8727,246
8728,207
8729,282
8730,350
8731,425
8732,400
8733,371
8734,284
8735,161
8736,118
8737,36
8738,12
8739,14
8740,2
8741,18
8742,33
8743,71
8744,178
8745,283
8746,217
8747,164
8748,215
8749,453
8750,456
8751,370
8752,418
8753,855
8754,2135
8755,3964
8756,4170
8757,4054
8758,1466
8759,296
8760,150
