1,0.048240319
2,-0.039317146
3,-0.080912553
4,0.007981706
5,0.16066461
6,0.17423163
7,0.03591463
8,-0.096479879
9,-0.036840674
10,0.10435656
11,0.16560671
12,0.1818978
13,0.21814808
14,0.23807477
15,0.1599662
16,0.038724397
17,0.027165023
18,0.099664951
19,0.14722333
20,0.1621991
21,0.1471239
22,0.11128299
23,0.098712011
24,0.10477442
25,0.065289822
26,-0.014882105
27,-0.013271265
28,0.086904175
29,0.19260956
30,0.27567733
31,0.28250939
32,0.19598557
33,0.045295598
34,-0.039977041
35,-0.044751083
36,0.028940166
37,0.16175181
38,0.22096872
39,0.19891616
40,0.25632532
41,0.41307643
42,0.44794148
43,0.31037909
44,0.23777915
45,0.30833694
46,0.35874031
47,0.32035653
48,0.28888728
49,0.31440692
50,0.35190587
51,0.37240998
52,0.4098473
53,0.49122827
54,0.5741621
55,0.61652236
56,0.63241374
57,0.63934816
58,0.63847272
59,0.66592991
60,0.73784532
61,0.76922441
62,0.71108329
63,0.76374556
64,1.0723592
65,1.4485531
66,1.7228976
67,1.9024927
68,1.9953462
69,2.107004
70,2.3849633
71,2.7327206
72,2.983149
73,3.179532
74,3.4183142
75,3.7370609
76,4.2236025
77,4.9657008
78,6.2217335
79,7.8792424
80,9.4426381
81,10.871061
82,12.197614
83,13.426496
84,14.462888
85,15.125102
86,15.488074
87,15.737035
88,15.965045
89,16.414695
90,16.968697
91,17.169478
92,16.934226
93,16.076021
94,14.674634
95,13.262233
96,11.941246
97,10.876985
98,10.100363
99,9.6158694
100,9.4455943
101,9.8273361
102,10.828906
103,12.466839
104,14.750604
105,17.76749
106,21.553911
107,26.192482
108,32.177713
109,39.530363
110,47.782365
111,56.496113
112,62.290479
113,64.108809
114,59.408692
115,47.647432
116,33.728225
117,19.642709
118,8.8178726
119,2.8154575
120,-0.14829925
121,-1.0934186
122,-1.0261868
123,-0.64644583
124,-0.17799425
125,0.18671328
126,0.43639772
127,0.55890286
128,0.59580675
129,0.60279839
130,0.61269638
131,0.67902898
132,0.8015835
133,0.89888165
134,0.91938262
135,0.918174
136,0.9383235
137,0.95894843
138,0.95969613
139,0.9699752
140,1.0256375
141,1.0705363
142,1.0200803
143,0.9456262
144,0.98004895
145,1.0909412
146,1.1991836
147,1.2832242
148,1.2923531
149,1.2543925
150,1.2714098
151,1.3328602
152,1.3625723
153,1.3590848
154,1.3561001
155,1.3523798
156,1.3105354
157,1.2240029
158,1.1274429
159,1.1075463
160,1.144145
161,1.1632218
162,1.1630779
163,1.1564306
164,1.1447202
165,1.1290453
166,1.1178795
167,1.1588579
168,1.2454602
169,1.2758105
170,1.2335384
171,1.1551449
172,1.0511507
173,0.94096604
174,0.83365952
175,0.78625408
176,0.81710089
177,0.85579249
178,0.87029014
179,0.83537631
180,0.73759241
181,0.60551685
182,0.45820017
183,0.306013
184,0.26312757
185,0.3515235
186,0.42704085
187,0.44217702
188,0.42105978
189,0.37401997
190,0.3164601
191,0.25600342
192,0.18800757
193,0.10973368
194,0.039027076
195,-0.010748379
196,-0.03699982
197,-0.037314134
198,-0.025068767
199,-0.015866139
200,-0.004191417
201,0.017943591
202,0.57360177
203,0.79084109
204,1.0437236
205,1.248207
206,1.3714785
207,1.3291521
208,1.1159177
209,0.87295948
210,0.76678483
211,0.78548347
212,0.91128763
213,1.0786998
214,1.1710542
215,1.2017256
216,1.2048094
217,1.1814435
218,1.1315034
219,1.0597941
220,0.98183401
221,0.92194394
222,0.97152844
223,1.1010439
224,1.1206458
225,1.0335931
226,1.0144481
227,1.0842703
228,1.1766331
229,1.2721209
230,1.3162418
231,1.2978356
232,1.2592599
233,1.2140443
234,1.156569
235,1.0618858
236,0.95198053
237,0.96463166
238,1.1036463
239,1.2486202
240,1.3690801
241,1.399104
242,1.3315108
243,1.2687134
244,1.2445103
245,1.3233838
246,1.5203864
247,1.6358127
248,1.5853449
249,1.4695173
250,1.3427644
251,1.3191671
252,1.4718581
253,1.6183573
254,1.6133906
255,1.5308949
256,1.444346
257,1.4156369
258,1.5216117
259,1.7555362
260,1.8883502
261,1.8125414
262,1.7410348
263,1.7994417
264,1.9522341
265,2.1735952
266,2.3894524
267,2.5331814
268,2.5713957
269,2.4664425
270,2.3987133
271,2.6203643
272,3.0043189
273,3.3298347
274,3.6368749
275,4.0168606
276,4.439466
277,4.8202746
278,5.1923329
279,5.6708997
280,6.2890549
281,7.1410693
282,8.1990506
283,9.290164
284,10.392499
285,11.469299
286,12.450132
287,13.294957
288,13.914426
289,14.424083
290,15.162306
291,16.061845
292,16.818199
293,17.354837
294,17.456269
295,17.136644
296,16.599023
297,15.865
298,14.881562
299,13.674204
300,12.54354
301,11.56668
302,10.83919
303,10.384494
304,10.149581
305,10.125104
306,10.51361
307,11.399599
308,12.837537
309,15.153455
310,18.39172
311,22.477386
312,27.382413
313,32.983001
314,39.179809
315,45.064679
316,50.229364
317,52.315856
318,50.408641
319,44.115602
320,33.326973
321,21.901557
322,12.037249
323,4.8121943
324,0.97426586
325,-0.62924026
326,-0.98958788
327,-0.70166422
328,-0.40662281
329,-0.14514074
330,0.028603585
331,0.12381488
332,0.15609834
333,0.12672577
334,0.12089147
335,0.19249297
336,0.28558779
337,0.35643861
338,0.39587853
339,0.39497329
340,0.36338241
341,0.31288176
342,0.2539028
343,0.2020953
344,0.18385583
345,0.24747849
346,0.36458546
347,0.46921365
348,0.55114233
349,0.58922152
350,0.5912603
351,0.58721004
352,0.57771914
353,0.55569271
354,0.52903303
355,0.54142272
356,0.59128409
357,0.6303314
358,0.65008749
359,0.65487527
360,0.65550683
361,0.65232225
362,0.6447862
363,0.63492313
364,0.63040793
365,0.63023645
366,0.62648109
367,0.62667617
368,0.67948783
369,0.77598638
370,0.79567357
371,0.72641324
372,0.67922865
373,0.67974316
374,0.70669701
375,0.74988455
376,0.74201117
377,0.66110563
378,0.58179206
379,0.53698447
380,0.505032
381,0.4742867
382,0.45981948
383,0.47167673
384,0.50589199
385,0.51879773
386,0.4986692
387,0.45041114
388,0.37819358
389,0.33774233
390,0.350314
391,0.35840351
392,0.33336323
393,0.27967536
394,0.20029867
395,0.14018626
396,0.13298816
397,0.1411848
398,0.12985777
399,0.11067382
400,0.097240158
401,0.078866557
402,0.040103186
403,0.44002095
404,0.30919784
405,0.18913283
406,0.1158857
407,0.1704426
408,0.35323052
409,0.39568267
410,0.22904767
411,0.13764097
412,0.2238522
413,0.32164179
414,0.3532188
415,0.26643812
416,0.033557324
417,-0.14573296
418,-0.13358645
419,0.051493459
420,0.19521532
421,0.24356761
422,0.31189839
423,0.43527678
424,0.4914029
425,0.43071713
426,0.34432498
427,0.27984806
428,0.28358511
429,0.38429486
430,0.46854693
431,0.44830308
432,0.40744503
433,0.42709495
434,0.42062027
435,0.28317969
436,0.092376388
437,-0.03551155
438,-0.071954712
439,0.033155301
440,0.20757937
441,0.28809246
442,0.29938252
443,0.32459201
444,0.36597935
445,0.41563808
446,0.46457222
447,0.47889217
448,0.46740058
449,0.49213893
450,0.56163546
451,0.6321066
452,0.61414818
453,0.52985572
454,0.44067934
455,0.37757582
456,0.42544443
457,0.56012105
458,0.6708151
459,0.74678255
460,0.78626549
461,0.79355186
462,0.7941788
463,0.79569208
464,0.82341767
465,0.87660987
466,0.90183452
467,0.8963152
468,0.98807772
469,1.2115781
470,1.4986904
471,1.8181932
472,2.0020458
473,1.9820064
474,2.0498133
475,2.3619901
476,2.7850517
477,3.230563
478,3.67068
479,4.0826624
480,4.5580919
481,5.1904986
482,5.9817071
483,6.97149
484,8.1696734
485,9.3521697
486,10.407423
487,11.307704
488,12.036877
489,12.716885
490,13.438421
491,14.275611
492,15.296917
493,16.177919
494,16.543041
495,16.429404
496,15.890888
497,15.066146
498,14.197829
499,13.254653
500,12.160021
501,11.022123
502,10.129199
503,9.5206161
504,9.2739001
505,9.3674629
506,9.6952672
507,10.307351
508,11.494238
509,13.342948
510,16.14715
511,19.997938
512,25.217146
513,31.871667
514,39.814745
515,48.619952
516,57.397633
517,63.087766
518,64.857484
519,60.249717
520,49.604425
521,36.31446
522,21.610662
523,10.426453
524,3.5600488
525,-0.1580617
526,-1.153668
527,-1.2051398
528,-0.8432955
529,-0.38537146
530,0.051959176
531,0.33917828
532,0.42388964
533,0.42273417
534,0.3972145
535,0.41885555
536,0.53290313
537,0.69134369
538,0.85663707
539,0.97541896
540,0.99567951
541,0.95321801
542,0.89167715
543,0.83473466
544,0.81785199
545,0.84124507
546,0.89702505
547,0.98026382
548,1.0410477
549,1.0438537
550,1.0310018
551,1.0398481
552,1.0643363
553,1.0977632
554,1.1332376
555,1.1613036
556,1.1843621
557,1.2065556
558,1.2219929
559,1.218427
560,1.2009295
561,1.1831047
562,1.1827369
563,1.2520101
564,1.35882
565,1.3702134
566,1.2987744
567,1.2597719
568,1.2569653
569,1.2301379
570,1.1694152
571,1.0724427
572,0.94909106
573,0.89642664
574,0.932837
575,0.98918359
576,1.0446168
577,1.0815068
578,1.0261885
579,0.89575147
580,0.82077862
581,0.80928789
582,0.79220281
583,0.75462062
584,0.67613603
585,0.55959733
586,0.48674784
587,0.47695803
588,0.48202553
589,0.48629457
590,0.5028711
591,0.53582314
592,0.53833432
593,0.48683997
594,0.3683141
595,0.17541216
596,0.025551439
597,0.006628368
598,0.029288698
599,0.010372863
600,-0.023066446
601,-0.039477055
602,-0.021144417
603,0.057419728
604,0.69707735
605,0.47876728
606,0.27747336
607,0.10332515
608,0.080109351
609,0.22137425
610,0.28801658
611,0.21691891
612,0.22510208
613,0.3897586
614,0.55603601
615,0.6515376
616,0.63555734
617,0.48609891
618,0.31776004
619,0.20964746
620,0.16152095
621,0.17059841
622,0.2340115
623,0.31844457
624,0.41161801
625,0.49763855
626,0.56875856
627,0.58540028
628,0.527972
629,0.46328111
630,0.43344071
631,0.43278292
632,0.45690723
633,0.48989636
634,0.5163567
635,0.55211427
636,0.61632146
637,0.66263319
638,0.62175186
639,0.52060279
640,0.40962541
641,0.33624605
642,0.40367433
643,0.55213485
644,0.60941484
645,0.59547056
646,0.60803492
647,0.65235844
648,0.71847706
649,0.7926424
650,0.81130707
651,0.76573581
652,0.69484246
653,0.67808738
654,0.69794447
655,0.70504548
656,0.7388217
657,0.92558158
658,1.1831406
659,1.175721
660,0.9429073
661,0.80782968
662,0.80930738
663,0.94215748
664,1.1845231
665,1.3853661
666,1.5121877
667,1.5400006
668,1.4746913
669,1.465636
670,1.5571826
671,1.7424411
672,2.0161058
673,2.3042463
674,2.5746308
675,2.8553875
676,3.1616362
677,3.4832927
678,3.8137765
679,4.1911053
680,4.646328
681,5.2114236
682,5.9190516
683,6.7718916
684,7.828414
685,9.1061204
686,10.382828
687,11.548214
688,12.59396
689,13.515174
690,14.33883
691,15.085022
692,15.848799
693,16.717952
694,17.536911
695,18.125575
696,18.37521
697,18.130396
698,17.499242
699,16.673633
700,15.661238
701,14.470825
702,13.180989
703,11.99554
704,11.001588
705,10.441915
706,10.312971
707,10.531305
708,11.1075
709,12.132256
710,13.67568
711,16.086499
712,19.449982
713,23.973903
714,29.701445
715,36.471312
716,43.814813
717,51.065417
718,55.964261
719,57.84509
720,54.669801
721,46.555867
722,35.426569
723,22.250332
724,11.672888
725,4.5228283
726,0.37607894
727,-1.0111178
728,-1.3292279
729,-1.0881671
730,-0.67624358
731,-0.23809841
732,0.023514382
733,0.027115392
734,-0.022868177
735,-0.020255915
736,0.028768136
737,0.12007675
738,0.19929433
739,0.22390996
740,0.21812726
741,0.20553554
742,0.18940053
743,0.17370341
744,0.17724793
745,0.2283065
746,0.32589015
747,0.39680091
748,0.39887311
749,0.38457592
750,0.39127779
751,0.40226762
752,0.40279447
753,0.42420738
754,0.5012025
755,0.59195148
756,0.63899213
757,0.65198471
758,0.64779536
759,0.63078365
760,0.60935426
761,0.58378368
762,0.55413203
763,0.53598316
764,0.57678819
765,0.6632135
766,0.73340865
767,0.78143643
768,0.80684975
769,0.81954421
770,0.8763756
771,0.96726571
772,0.95400202
773,0.82422759
774,0.71996408
775,0.67701153
776,0.70623326
777,0.81090522
778,0.96166545
779,1.0358263
780,1.0213469
781,0.92602752
782,0.76860136
783,0.6637028
784,0.62360612
785,0.57824414
786,0.51607533
787,0.48304997
788,0.49187815
789,0.54303716
790,0.63068649
791,0.62194641
792,0.46663057
793,0.31975985
794,0.2583854
795,0.25825768
796,0.30424922
797,0.32723027
798,0.27545229
799,0.20381083
800,0.1633957
801,0.14054611
802,0.11932918
803,0.078561374
804,-0.012282536
805,0.59325969
806,0.61915157
807,0.64788875
808,0.76166551
809,0.91532774
810,0.9684494
811,0.91219393
812,0.79113429
813,0.65783817
814,0.57441303
815,0.63127195
816,0.76259263
817,0.84948652
818,0.89352478
819,0.90322052
820,0.88819322
821,0.87311831
822,0.8415478
823,0.73617757
824,0.57832805
825,0.46940826
826,0.42151759
827,0.44297985
828,0.52777274
829,0.63235137
830,0.74993126
831,0.88517023
832,1.0298585
833,1.0904154
834,1.0482769
835,0.98449725
836,0.92496646
837,0.87598403
838,0.86551541
839,0.89004561
840,0.91176771
841,0.92118341
842,0.89238867
843,0.83032996
844,0.82442123
845,0.88797523
846,0.92498413
847,0.91501289
848,0.98620852
849,1.1761339
850,1.2799392
851,1.2117801
852,1.1020209
853,1.0198749
854,0.99234558
855,1.0366282
856,1.0730081
857,1.0380235
858,1.026875
859,1.1341697
860,1.2782168
861,1.3575917
862,1.3727264
863,1.3473837
864,1.2944695
865,1.2993506
866,1.4121717
867,1.5840042
868,1.7793455
869,1.9715902
870,2.1368081
871,2.2374535
872,2.2311826
873,2.2154234
874,2.3263906
875,2.5577085
876,2.8968752
877,3.3146498
878,3.7503604
879,4.1814516
880,4.555408
881,4.9145159
882,5.3977723
883,6.0397187
884,6.9337698
885,8.0521466
886,9.2229287
887,10.424322
888,11.568455
889,12.486954
890,13.185237
891,13.68562
892,14.077169
893,14.610096
894,15.255358
895,15.859439
896,16.332621
897,16.348782
898,15.888779
899,15.045977
900,13.882488
901,12.720363
902,11.623192
903,10.628515
904,9.7623359
905,9.221462
906,9.056688
907,9.1986292
908,9.6311554
909,10.529928
910,11.968232
911,14.015232
912,17.084954
913,21.256757
914,26.610714
915,33.110817
916,40.233953
917,47.698391
918,53.521722
919,56.943964
920,55.332158
921,47.76732
922,36.879075
923,23.962113
924,12.754816
925,5.3723607
926,1.0768437
927,-0.64623471
928,-0.89787657
929,-0.62488499
930,-0.14568762
931,0.19652276
932,0.42560713
933,0.57368089
934,0.65346656
935,0.6856257
936,0.67119529
937,0.67013288
938,0.72039956
939,0.79061828
940,0.8562581
941,0.92315674
942,0.99700374
943,1.0641568
944,1.1079848
945,1.1317925
946,1.1406114
947,1.1316346
948,1.0996042
949,1.0752616
950,1.1277697
951,1.2219298
952,1.2547049
953,1.2455241
954,1.2784083
955,1.3489487
956,1.4118552
957,1.458963
958,1.4735121
959,1.4560055
960,1.4243221
961,1.3816007
962,1.3413005
963,1.3370839
964,1.3657631
965,1.4127375
966,1.4621784
967,1.4589105
968,1.4082824
969,1.3587095
970,1.3155487
971,1.2750931
972,1.23359
973,1.1681322
974,1.0825205
975,1.0552049
976,1.0987402
977,1.1282092
978,1.1196256
979,1.1017478
980,1.0841889
981,1.0410803
982,0.96211792
983,0.9060732
984,0.90443443
985,0.90303602
986,0.86577076
987,0.79572613
988,0.72689275
989,0.66842543
990,0.61693524
991,0.57186748
992,0.54623306
993,0.54385632
994,0.51060363
995,0.42036071
996,0.33620481
997,0.29640932
998,0.2680032
999,0.22629905
1000,0.17793245
1001,0.12907898
1002,0.080776531
1003,0.034235663
1004,-0.011202883
1005,-0.056492663
1006,0.60768008
1007,0.61265275
1008,0.60849363
1009,0.72018648
1010,0.88114168
1011,0.98504506
1012,1.0304533
1013,1.0099167
1014,0.91911479
1015,0.82056888
1016,0.76200934
1017,0.73070955
1018,0.71449382
1019,0.71849034
1020,0.74888245
1021,0.80063039
1022,0.86616454
1023,0.92202778
1024,0.92509804
1025,0.90673661
1026,0.93993521
1027,0.99919518
1028,1.0063113
1029,0.96551542
1030,0.90661182
1031,0.83889613
1032,0.79103805
1033,0.77534509
1034,0.83954532
1035,0.97755597
1036,1.1034998
1037,1.2016287
1038,1.2478236
1039,1.1789288
1040,1.0441929
1041,1.0123184
1042,1.0619838
1043,1.058541
1044,1.004936
1045,0.98366109
1046,1.0031159
1047,1.0464746
1048,1.1118387
1049,1.2071775
1050,1.32667
1051,1.3906528
1052,1.3786108
1053,1.302748
1054,1.1754498
1055,1.1756811
1056,1.3687204
1057,1.5114242
1058,1.4861886
1059,1.4685821
1060,1.564647
1061,1.6714008
1062,1.7115618
1063,1.6910653
1064,1.6887972
1065,1.7271584
1066,1.7638855
1067,1.786675
1068,1.9116676
1069,2.1906472
1070,2.4816546
1071,2.7030614
1072,2.833622
1073,2.8584843
1074,2.9757406
1075,3.3602477
1076,3.8727773
1077,4.3581859
1078,4.8405718
1079,5.3536029
1080,5.9437754
1081,6.6905214
1082,7.5079895
1083,8.2125393
1084,8.9282571
1085,9.9900605
1086,11.316173
1087,12.594662
1088,13.802618
1089,14.824126
1090,15.507133
1091,15.927882
1092,16.211216
1093,16.442589
1094,16.788892
1095,17.148533
1096,17.262346
1097,17.036724
1098,16.226981
1099,14.893124
1100,13.315805
1101,11.616012
1102,10.226151
1103,9.2441805
1104,8.9257937
1105,9.2729096
1106,10.004268
1107,11.069069
1108,12.519416
1109,14.386621
1110,16.908175
1111,20.156972
1112,24.321115
1113,30.20807
1114,37.724097
1115,45.871436
1116,53.918436
1117,57.891327
1118,56.891961
1119,49.589746
1120,36.189218
1121,22.829754
1122,11.392802
1123,3.5392304
1124,-0.21383624
1125,-1.7614454
1126,-1.9485822
1127,-1.5786702
1128,-1.0828815
1129,-0.64365117
1130,-0.38070165
1131,-0.21015387
1132,-0.063554985
1133,0.044210922
1134,0.097848477
1135,0.12199979
1136,0.14843602
1137,0.17775492
1138,0.22749379
1139,0.30597121
1140,0.37223828
1141,0.40111423
1142,0.45422528
1143,0.57895337
1144,0.70200604
1145,0.75272078
1146,0.77962762
1147,0.84167266
1148,0.91959967
1149,0.98415524
1150,1.0315799
1151,1.0554416
1152,1.0893083
1153,1.2098571
1154,1.3642994
1155,1.3974114
1156,1.3272404
1157,1.2467001
1158,1.1831403
1159,1.2193614
1160,1.3427823
1161,1.4383637
1162,1.489374
1163,1.5010718
1164,1.4847827
1165,1.4390687
1166,1.359127
1167,1.270403
1168,1.2559537
1169,1.2975483
1170,1.2973533
1171,1.2568772
1172,1.2338431
1173,1.2352649
1174,1.2559682
1175,1.2859129
1176,1.2515283
1177,1.1440518
1178,1.0408891
1179,0.96486171
1180,0.94441771
1181,0.98560314
1182,1.0147051
1183,1.0023753
1184,0.97047302
1185,0.92982724
1186,0.87699926
1187,0.80988778
1188,0.72764903
1189,0.6219717
1190,0.49497884
1191,0.40367559
1192,0.36333148
1193,0.32284851
1194,0.26351449
1195,0.21467149
1196,0.18993319
1197,0.17738584
1198,0.17022595
1199,0.18021258
1200,0.21568305
1201,0.22118473
1202,0.14740071
1203,0.034235712
1204,-0.073508234
1205,-0.12645904
1206,-0.055521383
1207,0.66945981
1208,0.70284377
1209,0.75648027
1210,0.74058452
1211,0.66874761
1212,0.59122615
1213,0.51118263
1214,0.48114222
1215,0.56305117
1216,0.68192173
1217,0.72828538
1218,0.71458717
1219,0.66470815
1220,0.59311872
1221,0.53027428
1222,0.48796886
1223,0.49461483
1224,0.54511316
1225,0.61811727
1226,0.70075212
1227,0.74857032
1228,0.75656423
1229,0.72252743
1230,0.65751193
1231,0.63078284
1232,0.64989593
1233,0.68226603
1234,0.71765261
1235,0.722035
1236,0.69107085
1237,0.68747472
1238,0.73127869
1239,0.80811467
1240,0.85419743
1241,0.86041628
1242,0.81845877
1243,0.74253572
1244,0.74059902
1245,0.82082061
1246,0.86983562
1247,0.86109138
1248,0.80014914
1249,0.6952174
1250,0.65663998
1251,0.72063443
1252,0.80804512
1253,0.88502136
1254,0.97326295
1255,1.0833601
1256,1.1378023
1257,1.0866881
1258,0.9866671
1259,0.88283896
1260,0.90131429
1261,1.1674173
1262,1.4870418
1263,1.6191919
1264,1.567861
1265,1.4872366
1266,1.4523122
1267,1.4806045
1268,1.582406
1269,1.7481247
1270,1.9707841
1271,2.2214094
1272,2.4739392
1273,2.6539839
1274,2.6776474
1275,2.6619272
1276,2.7704393
1277,3.0556491
1278,3.6056007
1279,4.3203452
1280,4.9878232
1281,5.5958529
1282,6.130383
1283,6.6678021
1284,7.4468437
1285,8.4550348
1286,9.5808334
1287,10.791117
1288,11.981612
1289,13.139101
1290,14.147167
1291,14.782739
1292,15.112539
1293,15.305023
1294,15.417845
1295,15.595058
1296,15.774994
1297,15.713577
1298,15.360036
1299,14.5866
1300,13.428134
1301,12.144691
1302,10.832065
1303,9.8746991
1304,9.3389486
1305,9.1880828
1306,9.4305395
1307,10.25627
1308,11.711963
1309,13.694217
1310,16.171129
1311,19.223879
1312,22.886334
1313,27.238909
1314,32.762956
1315,39.439718
1316,46.516866
1317,53.47269
1318,56.677466
1319,55.149382
1320,48.208877
1321,35.906833
1322,23.309565
1323,12.407024
1324,4.7222978
1325,0.93301236
1326,-0.62700306
1327,-0.9083461
1328,-0.57596199
1329,-0.092349323
1330,0.35950189
1331,0.62223001
1332,0.74167062
1333,0.76722406
1334,0.7544312
1335,0.77765201
1336,0.82004274
1337,0.85325765
1338,0.87718261
1339,0.91644443
1340,0.98651288
1341,1.0412553
1342,1.0446067
1343,1.0567687
1344,1.1364151
1345,1.2349711
1346,1.2932194
1347,1.3279589
1348,1.3646737
1349,1.4126043
1350,1.4882901
1351,1.561105
1352,1.5615947
1353,1.519701
1354,1.5241558
1355,1.5569271
1356,1.541336
1357,1.4856287
1358,1.4483519
1359,1.4403525
1360,1.4847692
1361,1.5728533
1362,1.6289694
1363,1.6398386
1364,1.6175539
1365,1.5923606
1366,1.5627497
1367,1.5197311
1368,1.4727406
1369,1.4592219
1370,1.4749033
1371,1.4839849
1372,1.4738843
1373,1.3980859
1374,1.2625864
1375,1.1641867
1376,1.1219516
1377,1.1341506
1378,1.1952007
1379,1.2401626
1380,1.2488919
1381,1.2114395
1382,1.1256117
1383,1.0308414
1384,0.94495849
1385,0.87681037
1386,0.83093779
1387,0.77887095
1388,0.70163166
1389,0.60161123
1390,0.50513617
1391,0.42080511
1392,0.36882277
1393,0.35466589
1394,0.34880428
1395,0.33898786
1396,0.32044818
1397,0.29098651
1398,0.26316344
1399,0.24443296
1400,0.19511581
1401,0.085524842
1402,-0.004051578
1403,0.001108748
1404,0.047199859
1405,0.071466624
1406,0.066586754
1407,0.022128855
1408,0.91735521
1409,0.9306946
1410,0.84343993
1411,0.80080905
1412,0.79466263
1413,0.78367102
1414,0.76523347
1415,0.7717239
1416,0.84132295
1417,0.91507753
1418,0.90695241
1419,0.84761468
1420,0.79312221
1421,0.75755138
1422,0.76912148
1423,0.83085561
1424,0.9481592
1425,1.0600045
1426,0.96863526
1427,0.73720103
1428,0.6744791
1429,0.77050407
1430,0.82225856
1431,0.82063451
1432,0.8754328
1433,0.9932826
1434,1.0809177
1435,1.119368
1436,1.1164891
1437,1.0768811
1438,1.0357637
1439,1.0043866
1440,0.97291275
1441,0.89767178
1442,0.80316973
1443,0.85341758
1444,1.0456071
1445,1.1852293
1446,1.2352424
1447,1.1989072
1448,1.0855678
1449,0.99809436
1450,0.96820162
1451,1.0231945
1452,1.1667843
1453,1.2475614
1454,1.2022932
1455,1.1364992
1456,1.1064929
1457,1.1597658
1458,1.3266057
1459,1.4814358
1460,1.5242834
1461,1.5310928
1462,1.5773351
1463,1.6265411
1464,1.6334315
1465,1.599264
1466,1.5697153
1467,1.567813
1468,1.648476
1469,1.8438144
1470,2.0982563
1471,2.3714521
1472,2.5947089
1473,2.7062407
1474,2.7262083
1475,2.6773488
1476,2.7025783
1477,3.0016031
1478,3.4844297
1479,3.9944882
1480,4.5015239
1481,4.9478954
1482,5.3320203
1483,5.6544755
1484,6.0261439
1485,6.7903551
1486,7.9053625
1487,9.1205634
1488,10.386048
1489,11.581981
1490,12.69317
1491,13.674601
1492,14.440018
1493,14.977164
1494,15.2624
1495,15.441332
1496,15.930016
1497,16.62035
1498,17.049903
1499,17.117717
1500,16.561466
1501,15.427415
1502,14.115931
1503,12.720995
1504,11.479313
1505,10.447925
1506,9.7422813
1507,9.4006802
1508,9.5578656
1509,10.24136
1510,11.290564
1511,12.658581
1512,14.532493
1513,16.990349
1514,20.116915
1515,24.419591
1516,29.954721
1517,36.508912
1518,43.860536
1519,50.248344
1520,54.996243
1521,55.09107
1522,49.666546
1523,40.257473
1524,27.596836
1525,16.011269
1526,7.5140412
1527,2.0556548
1528,-0.40202509
1529,-1.1273078
1530,-1.0025881
1531,-0.54146178
1532,-0.18559381
1533,0.065196033
1534,0.21110199
1535,0.28561529
1536,0.33358887
1537,0.35411546
1538,0.34532179
1539,0.30760576
1540,0.27571204
1541,0.27180682
1542,0.32343931
1543,0.4521443
1544,0.56727694
1545,0.58049304
1546,0.54519942
1547,0.52650394
1548,0.53513187
1549,0.58698276
1550,0.6632078
1551,0.72882631
1552,0.77930727
1553,0.80620024
1554,0.8132997
1555,0.81181464
1556,0.80889271
1557,0.82618818
1558,0.86353248
1559,0.91319797
1560,0.96806669
1561,0.99640456
1562,0.99588593
1563,0.97962611
1564,0.94992766
1565,0.9273199
1566,0.96314892
1567,1.0263366
1568,1.014775
1569,0.94366864
1570,0.89589543
1571,0.88300134
1572,0.92204931
1573,1.0034322
1574,1.060166
1575,1.0820338
1576,1.0719696
1577,1.0345215
1578,1.00691
1579,0.99683313
1580,0.98592894
1581,0.96843458
1582,0.94035031
1583,0.89972751
1584,0.83369385
1585,0.73756208
1586,0.66098013
1587,0.63074182
1588,0.62082082
1589,0.61386779
1590,0.60917258
1591,0.59891721
1592,0.58241445
1593,0.58191691
1594,0.60116059
1595,0.55678905
1596,0.41715495
1597,0.27360251
1598,0.17205081
1599,0.13389468
1600,0.17180654
1601,0.21342634
1602,0.20457362
1603,0.15951648
1604,0.091533831
1605,0.047452633
1606,0.081888225
1607,0.12604576
1608,0.080569845
1609,0.80832634
1610,0.69362057
1611,0.55794984
1612,0.44921097
1613,0.41570968
1614,0.46310178
1615,0.50298356
1616,0.51240146
1617,0.57883736
1618,0.73038193
1619,0.8162327
1620,0.76856506
1621,0.68652472
1622,0.62603564
1623,0.59338702
1624,0.59292032
1625,0.62530624
1626,0.69831238
1627,0.80957513
1628,0.8854929
1629,0.89852416
1630,0.80371722
1631,0.58626954
1632,0.41392347
1633,0.37359217
1634,0.48967603
1635,0.77671351
1636,1.0162276
1637,1.0386465
1638,0.97225697
1639,0.9411256
1640,0.9066088
1641,0.8219408
1642,0.70846139
1643,0.59820498
1644,0.54247058
1645,0.63447196
1646,0.78946844
1647,0.81435525
1648,0.76033219
1649,0.78533838
1650,0.86588931
1651,0.89523756
1652,0.87298569
1653,0.83162197
1654,0.78159253
1655,0.75796779
1656,0.76556855
1657,0.80090493
1658,0.85685075
1659,0.92548783
1660,0.98766531
1661,1.0625852
1662,1.2110601
1663,1.3874168
1664,1.4074195
1665,1.2887366
1666,1.1902206
1667,1.1436134
1668,1.2181347
1669,1.4033005
1670,1.5456868
1671,1.6194741
1672,1.6661823
1673,1.7007011
1674,1.7821744
1675,1.9248367
1676,2.0677389
1677,2.1901849
1678,2.3336349
1679,2.5178962
1680,2.8057693
1681,3.2309649
1682,3.7663929
1683,4.3939788
1684,5.0572448
1685,5.7100666
1686,6.3901785
1687,7.1361182
1688,7.9506253
1689,8.8934827
1690,9.9845831
1691,11.066882
1692,12.061035
1693,12.869592
1694,13.434112
1695,13.856625
1696,14.21306
1697,14.673034
1698,15.393207
1699,15.97622
1700,15.962057
1701,15.384076
1702,14.290934
1703,12.887242
1704,11.53151
1705,10.287069
1706,9.2751474
1707,8.5344335
1708,8.1551135
1709,8.183401
1710,8.751042
1711,9.8310983
1712,11.281208
1713,13.130128
1714,15.583858
1715,18.758858
1716,23.19114
1717,28.993417
1718,36.345278
1719,45.284051
1720,54.731793
1721,61.556293
1722,64.488478
1723,59.733549
1724,48.069865
1725,34.348333
1726,19.961282
1727,9.3863327
1728,3.0946744
1729,-0.27994335
1730,-1.1701387
1731,-1.1145629
1732,-0.52621502
1733,-0.022603383
1734,0.22675857
1735,0.35242647
1736,0.40364068
1737,0.4633062
1738,0.56523128
1739,0.64555706
1740,0.67186518
1741,0.70736839
1742,0.79206823
1743,0.88730604
1744,0.96285574
1745,0.97084797
1746,0.86462835
1747,0.76396949
1748,0.81488528
1749,0.93667329
1750,1.0074055
1751,1.0270151
1752,1.0615617
1753,1.1490825
1754,1.2398868
1755,1.2985674
1756,1.3224004
1757,1.3089814
1758,1.3121544
1759,1.3915121
1760,1.4728368
1761,1.4541725
1762,1.3963602
1763,1.4029711
1764,1.4411393
1765,1.4398839
1766,1.4010456
1767,1.33456
1768,1.2646514
1769,1.2636493
1770,1.3097231
1771,1.302987
1772,1.2516801
1773,1.2368296
1774,1.2593575
1775,1.267104
1776,1.2484632
1777,1.1793
1778,1.0654613
1779,1.0068988
1780,1.0217297
1781,1.0284733
1782,1.002558
1783,0.95151879
1784,0.90684029
1785,0.87424224
1786,0.86533702
1787,0.87793266
1788,0.8869869
1789,0.88233514
1790,0.81685139
1791,0.68801507
1792,0.58444249
1793,0.52555741
1794,0.43525527
1795,0.29334783
1796,0.22082786
1797,0.26491698
1798,0.33897201
1799,0.39914551
1800,0.40504274
1801,0.33229328
1802,0.22968397
1803,0.13374538
1804,0.037600087
1805,-0.065152557
1806,-0.13607639
1807,-0.13034243
1808,-0.070758242
1809,0.009680863
1810,0.92208059
1811,1.0338882
1812,1.0989344
1813,1.1160996
1814,1.1261106
1815,1.1387711
1816,1.146472
1817,1.1478254
1818,1.1614794
1819,1.1941707
1820,1.2356251
1821,1.2801267
1822,1.2777037
1823,1.2007634
1824,1.1183452
1825,1.0781071
1826,1.0785489
1827,1.1022965
1828,1.1448638
1829,1.2138829
1830,1.3090637
1831,1.3601466
1832,1.3380016
1833,1.2690474
1834,1.1678308
1835,1.1062697
1836,1.1295629
1837,1.1967396
1838,1.2759959
1839,1.3288328
1840,1.3180179
1841,1.3064434
1842,1.3702201
1843,1.4459339
1844,1.4385987
1845,1.3770076
1846,1.3154662
1847,1.2600123
1848,1.2215153
1849,1.2040382
1850,1.2175049
1851,1.2756753
1852,1.4221581
1853,1.6356939
1854,1.8162967
1855,1.9400232
1856,1.9400233
1857,1.8071078
1858,1.6153546
1859,1.5160279
1860,1.4932019
1861,1.4962222
1862,1.5309193
1863,1.6221408
1864,1.7650661
1865,1.9355948
1866,2.1088952
1867,2.1821761
1868,2.1580763
1869,2.1232205
1870,2.1018784
1871,2.1704382
1872,2.334058
1873,2.500468
1874,2.6502185
1875,2.8217962
1876,3.0267509
1877,3.2654721
1878,3.5369746
1879,3.8113782
1880,4.0768344
1881,4.3981919
1882,4.8108682
1883,5.3467562
1884,6.0268071
1885,6.7864407
1886,7.5729152
1887,8.3861839
1888,9.2261994
1889,10.09724
1890,11.092708
1891,12.242537
1892,13.261186
1893,14.007305
1894,14.499116
1895,14.748524
1896,14.920973
1897,15.139499
1898,15.474135
1899,15.989567
1900,16.285262
1901,15.897531
1902,14.919448
1903,13.48521
1904,11.904371
1905,10.718486
1906,9.9176456
1907,9.4590967
1908,9.3827354
1909,9.7961158
1910,10.688004
1911,12.005122
1912,13.772164
1913,16.10026
1914,18.997332
1915,22.448049
1916,26.540292
1917,31.812112
1918,38.18414
1919,44.370716
1920,50.104623
1921,53.927225
1922,51.600118
1923,43.550939
1924,32.2545
1925,19.121644
1926,9.3544088
1927,3.3689336
1928,0.13400852
1929,-0.73194025
1930,-0.77943761
1931,-0.35776002
1932,0.03432458
1933,0.28593488
1934,0.46597454
1935,0.59562297
1936,0.69713293
1937,0.77771149
1938,0.82282669
1939,0.82740073
1940,0.83665856
1941,0.87391975
1942,0.92389153
1943,0.97679158
1944,1.0134413
1945,1.0188469
1946,1.0071904
1947,0.99229373
1948,0.99382698
1949,1.0357698
1950,1.0980235
1951,1.1502672
1952,1.1922254
1953,1.2254229
1954,1.2507651
1955,1.2710983
1956,1.2884352
1957,1.2866685
1958,1.2515804
1959,1.2331893
1960,1.2868539
1961,1.3530817
1962,1.350139
1963,1.3175489
1964,1.3227507
1965,1.3491208
1966,1.3602601
1967,1.3485132
1968,1.2974684
1969,1.2174969
1970,1.1425692
1971,1.0823789
1972,1.0642755
1973,1.0792067
1974,1.0738199
1975,1.0484388
1976,1.0427244
1977,1.0530868
1978,1.0080136
1979,0.90329791
1980,0.83295388
1981,0.81656819
1982,0.80955672
1983,0.79847456
1984,0.78469549
1985,0.7739598
1986,0.76587805
1987,0.75515261
1988,0.7347668
1989,0.66398931
1990,0.54435481
1991,0.44994855
1992,0.3952694
1993,0.357003
1994,0.32836942
1995,0.30411472
1996,0.28254036
1997,0.26524951
1998,0.25213275
1999,0.21576005
2000,0.14275324
2001,0.055019252
2002,-0.03393173
2003,-0.092489227
2004,-0.096987253
2005,-0.062203664
2006,-0.001891807
2007,0.054340383
2008,0.07196049
2009,0.057238238
2010,0.019290454
2011,0.46729019
2012,0.45970647
2013,0.4049518
2014,0.31301299
2015,0.33087723
2016,0.48095958
2017,0.56344402
2018,0.52128911
2019,0.45461047
2020,0.40299475
2021,0.41114774
2022,0.49798605
2023,0.5724527
2024,0.58338357
2025,0.54898129
2026,0.48181108
2027,0.3891185
2028,0.35481554
2029,0.3992805
2030,0.46495239
2031,0.53116988
2032,0.58368272
2033,0.61504712
2034,0.57022364
2035,0.42275608
2036,0.32815521
2037,0.38414851
2038,0.50018569
2039,0.60597958
2040,0.66591685
2041,0.64555578
2042,0.6097356
2043,0.63692371
2044,0.67819916
2045,0.66021935
2046,0.61775661
2047,0.6156662
2048,0.65711819
2049,0.74609659
2050,0.82853402
2051,0.75756744
2052,0.59384799
2053,0.56482184
2054,0.65474356
2055,0.72722621
2056,0.76988356
2057,0.79302781
2058,0.79807648
2059,0.80057825
2060,0.83228286
2061,0.85228083
2062,0.7566035
2063,0.61620446
2064,0.6605201
2065,0.85262331
2066,0.99802371
2067,1.0927518
2068,1.2015163
2069,1.3141817
2070,1.3281682
2071,1.2506105
2072,1.2485604
2073,1.3507327
2074,1.5175142
2075,1.7380176
2076,1.9971573
2077,2.282649
2078,2.4584995
2079,2.485064
2080,2.6280344
2081,3.0012238
2082,3.411769
2083,3.756886
2084,4.1929281
2085,4.8231396
2086,5.5438591
2087,6.2704274
2088,7.055472
2089,7.9527398
2090,8.9629541
2091,10.101867
2092,11.367971
2093,12.483056
2094,13.310663
2095,13.953374
2096,14.474148
2097,15.036852
2098,15.763295
2099,16.585146
2100,17.439292
2101,17.878253
2102,17.383988
2103,16.19514
2104,14.654535
2105,12.99153
2106,11.604071
2107,10.47922
2108,9.5734627
2109,8.9584797
2110,8.8246228
2111,9.2003071
2112,10.144397
2113,11.646189
2114,13.647241
2115,16.17227
2116,19.367679
2117,23.394439
2118,29.10161
2119,36.515914
2120,44.765785
2121,53.670073
2122,61.623181
2123,63.959677
2124,60.220207
2125,49.829154
2126,34.315391
2127,20.566674
2128,9.6156585
2129,2.7057077
2130,-0.28341227
2131,-1.4461079
2132,-1.2909059
2133,-0.81492084
2134,-0.27047292
2135,0.12154307
2136,0.30671694
2137,0.43301891
2138,0.55199448
2139,0.65456111
2140,0.73576554
2141,0.75247788
2142,0.68350899
2143,0.62922094
2144,0.65309357
2145,0.68556677
2146,0.67225823
2147,0.64122851
2148,0.619826
2149,0.64115817
2150,0.74558609
2151,0.88070938
2152,0.96755597
2153,1.0060622
2154,1.0378363
2155,1.0869069
2156,1.1321691
2157,1.1585854
2158,1.1657562
2159,1.1533287
2160,1.1322754
2161,1.1147401
2162,1.099611
2163,1.0853509
2164,1.0848942
2165,1.1200537
2166,1.1655433
2167,1.1686637
2168,1.1356187
2169,1.0858839
2170,1.0318049
2171,1.0081494
2172,1.016914
2173,1.0565868
2174,1.1091469
2175,1.0926111
2176,1.0096636
2177,0.93374342
2178,0.87409223
2179,0.81330538
2180,0.75119531
2181,0.7184945
2182,0.72242005
2183,0.75865172
2184,0.82588669
2185,0.90185229
2186,0.8934832
2187,0.80809214
2188,0.73673774
2189,0.69043616
2190,0.65631341
2191,0.62848063
2192,0.57717634
2193,0.49664563
2194,0.39702003
2195,0.28495495
2196,0.21888369
2197,0.21661765
2198,0.23642282
2199,0.25996556
2200,0.24400525
2201,0.16776494
2202,0.087316407
2203,0.036691774
2204,-0.011545438
2205,-0.077939767
2206,-0.16067142
2207,-0.25804676
2208,-0.32561416
2209,-0.31152863
2210,-0.21029012
2211,-0.01407305
2212,0.64929904
2213,0.90709967
2214,1.1736322
2215,1.3079368
2216,1.3129382
2217,1.2143915
2218,1.0139174
2219,0.8822637
2220,1.0208042
2221,1.2745921
2222,1.4172554
2223,1.4617499
2224,1.4346443
2225,1.3511284
2226,1.2431071
2227,1.1578931
2228,1.2177666
2229,1.371566
2230,1.4331915
2231,1.4110079
2232,1.3939053
2233,1.3843634
2234,1.3500343
2235,1.2941478
2236,1.2627765
2237,1.2658025
2238,1.3193347
2239,1.4148855
2240,1.4313791
2241,1.346215
2242,1.2838514
2243,1.284042
2244,1.3392291
2245,1.4158602
2246,1.4970621
2247,1.5117768
2248,1.4650458
2249,1.4678091
2250,1.5330351
2251,1.5853832
2252,1.6065495
2253,1.5923349
2254,1.5456594
2255,1.5360659
2256,1.587135
2257,1.6679342
2258,1.7635532
2259,1.8115064
2260,1.7792732
2261,1.7115699
2262,1.6374514
2263,1.608535
2264,1.6659136
2265,1.7676353
2266,1.8720099
2267,1.9544078
2268,1.9842496
2269,1.9621855
2270,1.912508
2271,1.8479611
2272,1.828247
2273,1.8886018
2274,2.0216173
2275,2.2218699
2276,2.4161469
2277,2.5385973
2278,2.5995924
2279,2.6108292
2280,2.6931744
2281,3.015533
2282,3.4667498
2283,3.8543361
2284,4.233403
2285,4.7260243
2286,5.2498108
2287,5.5855015
2288,5.8275401
2289,6.3019629
2290,7.0082178
2291,7.8564099
2292,8.8298062
2293,9.8908856
2294,11.034892
2295,12.152979
2296,13.036582
2297,13.683349
2298,14.099774
2299,14.388238
2300,14.838586
2301,15.406322
2302,15.876021
2303,16.155423
2304,15.929955
2305,15.204874
2306,14.195379
2307,12.969809
2308,11.773726
2309,10.672027
2310,9.8333155
2311,9.3067401
2312,9.212539
2313,9.5797356
2314,10.334626
2315,11.454798
2316,13.005718
2317,15.014696
2318,17.548684
2319,21.00845
2320,25.465859
2321,30.960723
2322,37.404547
2323,43.835897
2324,49.803171
2325,52.552378
2326,51.184407
2327,45.044433
2328,34.026309
2329,22.419409
2330,12.246108
2331,4.8593134
2332,1.0160901
2333,-0.6119247
2334,-0.94904564
2335,-0.63257688
2336,-0.21056605
2337,0.20585591
2338,0.49691505
2339,0.66602115
2340,0.71779649
2341,0.69549116
2342,0.67023075
2343,0.64371742
2344,0.66980645
2345,0.78237159
2346,0.89239727
2347,0.93029156
2348,0.95069546
2349,1.0068631
2350,1.0553548
2351,1.0432135
2352,0.99878676
2353,0.96490916
2354,0.94946445
2355,0.96617775
2356,1.0160161
2357,1.1004779
2358,1.1966559
2359,1.2419274
2360,1.2403634
2361,1.2173014
2362,1.1825647
2363,1.1679618
2364,1.1787084
2365,1.2239608
2366,1.2948773
2367,1.3274963
2368,1.3105884
2369,1.2531285
2370,1.1775636
2371,1.0987162
2372,1.0584656
2373,1.0568637
2374,1.0833292
2375,1.129002
2376,1.1578345
2377,1.1617432
2378,1.1200902
2379,1.0366678
2380,0.96261538
2381,0.9118768
2382,0.91988912
2383,0.98821079
2384,1.0266964
2385,1.0088187
2386,0.94623573
2387,0.84532915
2388,0.76252504
2389,0.72259231
2390,0.70366028
2391,0.693715
2392,0.68274407
2393,0.66407317
2394,0.63547556
2395,0.57243669
2396,0.47306083
2397,0.41104706
2398,0.40734941
2399,0.37588383
2400,0.28368507
2401,0.21499257
2402,0.21094304
2403,0.20779795
2404,0.16685632
2405,0.1162213
2406,0.076944887
2407,0.07307063
2408,0.1269752
2409,0.17315565
2410,0.13521438
2411,0.045393946
2412,-0.049633655
2413,0.49988605
2414,0.72637432
2415,0.90423183
2416,1.019824
2417,1.1095614
2418,1.1820534
2419,1.2284333
2420,1.2454844
2421,1.2246792
2422,1.1663122
2423,1.1736553
2424,1.2913563
2425,1.3582804
2426,1.2845942
2427,1.1884195
2428,1.1512955
2429,1.1706455
2430,1.2166287
2431,1.2794529
2432,1.3387023
2433,1.3852618
2434,1.3715226
2435,1.2797326
2436,1.2059564
2437,1.1993717
2438,1.2266406
2439,1.2666944
2440,1.3085824
2441,1.3438055
2442,1.3833537
2443,1.4378555
2444,1.4851682
2445,1.4984952
2446,1.4851276
2447,1.4560462
2448,1.4265519
2449,1.4244222
2450,1.4322425
2451,1.4099203
2452,1.3740405
2453,1.3735258
2454,1.4040848
2455,1.4425031
2456,1.4910572
2457,1.5663771
2458,1.6542994
2459,1.6750964
2460,1.6178089
2461,1.5298914
2462,1.508244
2463,1.5330643
2464,1.5480503
2465,1.5729018
2466,1.6752261
2467,1.8337531
2468,1.9527617
2469,2.0229189
2470,2.042477
2471,2.022378
2472,2.0258795
2473,2.066534
2474,2.1701888
2475,2.3344667
2476,2.4898009
2477,2.6217659
2478,2.762352
2479,2.9181549
2480,3.0368823
2481,3.1047177
2482,3.2616718
2483,3.5694201
2484,4.0034859
2485,4.5495558
2486,5.1024862
2487,5.5929102
2488,6.1154799
2489,6.7474965
2490,7.4787425
2491,8.2987831
2492,9.2085647
2493,10.228752
2494,11.362055
2495,12.407972
2496,13.26594
2497,13.860864
2498,14.148658
2499,14.387278
2500,14.768504
2501,15.274817
2502,15.890033
2503,16.253805
2504,15.948961
2505,15.083332
2506,13.812166
2507,12.329381
2508,10.973267
2509,9.7972614
2510,8.9022322
2511,8.3427117
2512,8.2518898
2513,8.6337881
2514,9.4792991
2515,10.784857
2516,12.539232
2517,14.770028
2518,17.614857
2519,21.203084
2520,26.201474
2521,32.621623
2522,39.707587
2523,47.302248
2524,54.015777
2525,55.809704
2526,52.304483
2527,43.065988
2528,29.445258
2529,17.500287
2530,8.1207236
2531,2.2993994
2532,-0.091146904
2533,-0.93816101
2534,-0.69643336
2535,-0.23419311
2536,0.2326021
2537,0.5554651
2538,0.69820675
2539,0.76656676
2540,0.79972625
2541,0.84791853
2542,0.93107152
2543,0.988148
2544,0.98797258
2545,0.97548918
2546,0.97928433
2547,1.0114706
2548,1.0815158
2549,1.140144
2550,1.1393302
2551,1.1223004
2552,1.1417516
2553,1.1792774
2554,1.2069992
2555,1.2249701
2556,1.2522245
2557,1.2998147
2558,1.3667916
2559,1.4524434
2560,1.5194981
2561,1.5350556
2562,1.5141952
2563,1.473606
2564,1.4357001
2565,1.431236
2566,1.4453831
2567,1.4528345
2568,1.4589811
2569,1.4757397
2570,1.4815922
2571,1.4218242
2572,1.3184625
2573,1.246539
2574,1.2165579
2575,1.2483225
2576,1.3218563
2577,1.33698
2578,1.2939972
2579,1.265642
2580,1.2536854
2581,1.1874573
2582,1.0666491
2583,1.020299
2584,1.0724196
2585,1.1256677
2586,1.1506882
2587,1.1464575
2588,1.1086979
2589,1.0402103
2590,0.95793888
2591,0.86730529
2592,0.78785043
2593,0.72556064
2594,0.70097989
2595,0.71009664
2596,0.65801874
2597,0.52599777
2598,0.4265761
2599,0.3950678
2600,0.37344358
2601,0.33789165
2602,0.28835959
2603,0.22512823
2604,0.16936172
2605,0.13392545
2606,0.11242628
2607,0.10007024
2608,0.076115618
2609,0.021258646
2610,-0.036279282
2611,-0.06358291
2612,-0.058156412
2613,-0.016468363
2614,0.16528837
2615,0.17993919
2616,0.22401384
2617,0.32242806
2618,0.43450733
2619,0.43979059
2620,0.33069762
2621,0.20812113
2622,0.19105032
2623,0.22178336
2624,0.21591262
2625,0.19918765
2626,0.21886209
2627,0.27110541
2628,0.34555957
2629,0.39807632
2630,0.31276804
2631,0.14105417
2632,0.06876229
2633,0.10643047
2634,0.23991319
2635,0.42953326
2636,0.48878429
2637,0.41013802
2638,0.29958757
2639,0.18226317
2640,0.11385946
2641,0.10658232
2642,0.1646723
2643,0.28362612
2644,0.38593187
2645,0.44683091
2646,0.46889987
2647,0.46357735
2648,0.44296238
2649,0.46631265
2650,0.52982908
2651,0.54382028
2652,0.4959704
2653,0.43069683
2654,0.36279569
2655,0.34283373
2656,0.38353299
2657,0.45024151
2658,0.52961226
2659,0.59696256
2660,0.64139041
2661,0.65504231
2662,0.63413229
2663,0.61083343
2664,0.60596783
2665,0.63044526
2666,0.69295114
2667,0.79820457
2668,0.95089521
2669,1.0833228
2670,1.1114328
2671,1.0383522
2672,0.97497881
2673,0.97563413
2674,1.0764018
2675,1.2980566
2676,1.5521831
2677,1.774672
2678,1.9821354
2679,2.1895148
2680,2.3696676
2681,2.4919822
2682,2.6463394
2683,2.9583911
2684,3.4152345
2685,3.9933006
2686,4.6990141
2687,5.5466463
2688,6.4469567
2689,7.171866
2690,7.8096627
2691,8.6686672
2692,9.7218984
2693,10.784115
2694,11.837944
2695,12.885954
2696,13.928468
2697,14.884466
2698,15.598697
2699,16.043241
2700,16.16189
2701,16.05491
2702,16.013445
2703,15.968953
2704,15.622444
2705,14.917824
2706,13.724527
2707,12.135446
2708,10.718394
2709,9.5770253
2710,8.8503207
2711,8.5722996
2712,8.8152544
2713,9.6115537
2714,11.140265
2715,13.442911
2716,16.38318
2717,19.924568
2718,24.301656
2719,29.612308
2720,35.881882
2721,43.262159
2722,51.466413
2723,58.119023
2724,62.337191
2725,60.25576
2726,51.153013
2727,38.656299
2728,24.146145
2729,12.247353
2730,4.6941176
2731,0.43125014
2732,-1.0589582
2733,-1.180586
2734,-0.7336923
2735,-0.1514933
2736,0.26488169
2737,0.53340533
2738,0.6695332
2739,0.72341831
2740,0.74911423
2741,0.75079456
2742,0.73402356
2743,0.71431222
2744,0.71713548
2745,0.74297634
2746,0.80077757
2747,0.8960637
2748,0.98679036
2749,1.0400873
2750,1.0765698
2751,1.11633
2752,1.1388746
2753,1.1192206
2754,1.0809933
2755,1.0598226
2756,1.0591382
2757,1.0846001
2758,1.1455934
2759,1.2628783
2760,1.405842
2761,1.4888856
2762,1.5126213
2763,1.4952156
2764,1.4495769
2765,1.4224199
2766,1.4200497
2767,1.4490762
2768,1.4978962
2769,1.4873098
2770,1.4034125
2771,1.2817795
2772,1.2113882
2773,1.193966
2774,1.221845
2775,1.2768743
2776,1.2934486
2777,1.269756
2778,1.2258919
2779,1.1748175
2780,1.176344
2781,1.2212619
2782,1.1742538
2783,1.0253458
2784,0.93352766
2785,0.93404094
2786,0.97815555
2787,1.0482217
2788,1.0918404
2789,1.0884732
2790,1.0038444
2791,0.82541297
2792,0.6825978
2793,0.64508379
2794,0.62879088
2795,0.57767068
2796,0.49579252
2797,0.42795654
2798,0.38638006
2799,0.36888448
2800,0.37343872
2801,0.37133043
2802,0.35093741
2803,0.31794005
2804,0.27500941
2805,0.21075794
2806,0.11848152
2807,0.044783687
2808,0.024553925
2809,0.031532968
2810,0.041282034
2811,0.064464083
2812,0.11351557
2813,0.14215975
2814,0.083613378
2815,1.1217717
2816,1.1962325
2817,1.1843971
2818,1.1275976
2819,1.0399888
2820,0.95734986
2821,0.8819321
2822,0.84288219
2823,0.87457459
2824,0.97709575
2825,1.1504882
2826,1.3136369
2827,1.321723
2828,1.2416872
2829,1.2253588
2830,1.2562882
2831,1.2769774
2832,1.2790973
2833,1.2457048
2834,1.1795988
2835,1.0969204
2836,1.0209218
2837,1.0569764
2838,1.1956426
2839,1.2934348
2840,1.3242619
2841,1.2744101
2842,1.1505936
2843,1.0506837
2844,1.0022584
2845,1.0333256
2846,1.1528318
2847,1.3280847
2848,1.4139514
2849,1.3966037
2850,1.2952241
2851,1.1398896
2852,1.1198553
2853,1.2531505
2854,1.3743777
2855,1.441674
2856,1.4256485
2857,1.3255557
2858,1.2730031
2859,1.3128842
2860,1.3933898
2861,1.4907659
2862,1.5518117
2863,1.5492323
2864,1.5557707
2865,1.6181786
2866,1.657757
2867,1.6118525
2868,1.5447915
2869,1.5204989
2870,1.550023
2871,1.6470809
2872,1.8089854
2873,1.9459259
2874,2.0148654
2875,2.045141
2876,2.0545939
2877,2.1242963
2878,2.3129865
2879,2.5387755
2880,2.7280081
2881,2.8491714
2882,2.8667247
2883,2.9030667
2884,3.1293016
2885,3.4943099
2886,3.9084883
2887,4.3987199
2888,5.0243986
2889,5.6921738
2890,6.1599127
2891,6.5288844
2892,7.1497615
2893,8.0275627
2894,9.0868608
2895,10.284486
2896,11.452935
2897,12.570973
2898,13.538665
2899,14.164516
2900,14.504718
2901,14.701352
2902,14.844558
2903,15.173671
2904,15.592539
2905,15.717483
2906,15.488819
2907,14.791303
2908,13.669466
2909,12.426879
2910,11.139366
2911,10.016729
2912,9.1104114
2913,8.5303232
2914,8.316784
2915,8.6416482
2916,9.5443578
2917,10.88774
2918,12.634614
2919,15.010806
2920,18.110527
2921,22.005973
2922,27.129298
2923,33.499889
2924,40.718196
2925,48.41722
2926,53.775858
2927,55.895909
2928,52.433501
2929,42.857136
2930,31.08943
2931,18.737652
2932,8.9572353
2933,3.19296
2934,0.16251653
2935,-0.86905859
2936,-0.83862473
2937,-0.39793243
2938,0.10664864
2939,0.37725906
2940,0.50749532
2941,0.59823319
2942,0.66288888
2943,0.71938303
2944,0.76111813
2945,0.77708647
2946,0.76759965
2947,0.77129417
2948,0.8126711
2949,0.88212051
2950,0.97212783
2951,1.0504269
2952,1.0855705
2953,1.1008037
2954,1.1244641
2955,1.1481177
2956,1.1589751
2957,1.1607768
2958,1.1606415
2959,1.1686675
2960,1.2071431
2961,1.2658123
2962,1.314435
2963,1.3483276
2964,1.3576147
2965,1.3498436
2966,1.3589922
2967,1.387379
2968,1.428376
2969,1.4763336
2970,1.5013236
2971,1.4980918
2972,1.4729408
2973,1.4416345
2974,1.4026889
2975,1.3492937
2976,1.2867049
2977,1.2362426
2978,1.2015683
2979,1.190242
2980,1.1964521
2981,1.1816355
2982,1.1445265
2983,1.1202279
2984,1.1117315
2985,1.0815902
2986,1.0236506
2987,0.97642158
2988,0.9514881
2989,0.94835354
2990,0.96497101
2991,0.95113726
2992,0.88532997
2993,0.81088505
2994,0.75129242
2995,0.69427622
2996,0.63165326
2997,0.56532437
2998,0.51621596
2999,0.48859624
3000,0.45966983
3001,0.42194229
3002,0.37960408
3003,0.33459561
3004,0.29481854
3005,0.26447362
3006,0.26116977
3007,0.29523978
3008,0.28790717
3009,0.18020787
3010,0.052593856
3011,-0.020060431
3012,-0.048366566
3013,-0.044701083
3014,-0.019935026
3015,0.010275355
3016,0.080485715
3017,0.11740126
3018,0.15237073
3019,0.17092202
3020,0.10282333
3021,-0.05801337
3022,-0.15468094
3023,-0.13939549
3024,-0.034181062
3025,0.1477145
3026,0.26387207
3027,0.24971273
3028,0.17167973
3029,0.067740674
3030,0.001628766
3031,0.01733897
3032,0.1059781
3033,0.16455245
3034,0.16587977
3035,0.1457522
3036,0.11753611
3037,0.10244889
3038,0.10815976
3039,0.082333593
3040,-0.001146191
3041,-0.070570966
3042,-0.080678586
3043,-0.02228479
3044,0.11173179
3045,0.21493909
3046,0.18440649
3047,0.11817386
3048,0.13488747
3049,0.19435404
3050,0.23613556
3051,0.266076
3052,0.29592123
3053,0.31815262
3054,0.31547214
3055,0.29460688
3056,0.27550378
3057,0.26228416
3058,0.26487279
3059,0.28766405
3060,0.34527595
3061,0.42801326
3062,0.47958527
3063,0.49225427
3064,0.49553061
3065,0.54967319
3066,0.62267118
3067,0.63057553
3068,0.58655996
3069,0.54242445
3070,0.51698205
3071,0.56670851
3072,0.6813868
3073,0.79046497
3074,0.88925285
3075,1.0003454
3076,1.1235936
3077,1.2324132
3078,1.3228849
3079,1.4073633
3080,1.4967329
3081,1.6889982
3082,2.0092472
3083,2.3827642
3084,2.7817786
3085,3.1935062
3086,3.6124755
3087,4.0481911
3088,4.5068271
3089,5.0899265
3090,5.8645096
3091,6.7506136
3092,7.6829341
3093,8.6543937
3094,9.6577642
3095,10.696774
3096,11.852818
3097,13.147824
3098,14.187049
3099,14.779024
3100,15.213463
3101,15.665338
3102,16.063606
3103,16.355437
3104,16.523208
3105,16.550642
3106,16.175186
3107,15.092888
3108,13.59238
3109,12.087687
3110,10.691841
3111,9.5976191
3112,8.8413206
3113,8.4929332
3114,8.6342348
3115,9.4720113
3116,11.024044
3117,13.312778
3118,16.348074
3119,20.161762
3120,24.76365
3121,30.185457
3122,36.559995
3123,44.657466
3124,54.090522
3125,60.93428
3126,64.37298
3127,63.233968
3128,54.109831
3129,38.750532
3130,24.134552
3131,11.484333
3132,3.4514484
3133,-0.090396682
3134,-1.4996501
3135,-1.3114857
3136,-0.7666148
3137,-0.13035469
3138,0.32293173
3139,0.53957652
3140,0.64319996
3141,0.67370526
3142,0.70199345
3143,0.75172667
3144,0.79350319
3145,0.81500604
3146,0.8257603
3147,0.8310946
3148,0.86186193
3149,0.93740172
3150,0.98865586
3151,0.96163626
3152,0.92758664
3153,0.95594248
3154,1.0294742
3155,1.1271772
3156,1.2259349
3157,1.2910479
3158,1.3226145
3159,1.3461807
3160,1.3764423
3161,1.392193
3162,1.378354
3163,1.3670414
3164,1.3866043
3165,1.4285674
3166,1.4835505
3167,1.5157421
3168,1.4759795
3169,1.4231926
3170,1.4571933
3171,1.5418719
3172,1.5997045
3173,1.6110215
3174,1.5324507
3175,1.3869478
3176,1.2507249
3177,1.1452598
3178,1.1309089
3179,1.1952635
3180,1.2552894
3181,1.297553
3182,1.3041492
3183,1.2702874
3184,1.1818436
3185,1.0440077
3186,0.93187523
3187,0.86333842
3188,0.83107633
3189,0.83288126
3190,0.86742866
3191,0.92918405
3192,1.0030431
3193,1.0139752
3194,0.95158731
3195,0.81792518
3196,0.62690778
3197,0.49158295
3198,0.43156119
3199,0.38359534
3200,0.33248679
3201,0.31233535
3202,0.33155581
3203,0.3219674
3204,0.2564424
3205,0.1652925
3206,0.064072439
3207,-0.018267925
3208,-0.063955277
3209,-0.04709491
3210,0.051670853
3211,0.12939482
3212,0.090266838
3213,0.013693921
3214,-0.007709709
3215,0.012727486
3216,0.055584307
3217,0.83480782
3218,0.79867475
3219,0.7791445
3220,0.79385907
3221,0.81534932
3222,0.83622929
3223,0.85134851
3224,0.86144572
3225,0.91088962
3226,1.0123279
3227,1.0425655
3228,0.94653967
3229,0.82312563
3230,0.72814828
3231,0.67438112
3232,0.67064167
3233,0.71956141
3234,0.85161583
3235,1.0664578
3236,1.2187112
3237,1.2575565
3238,1.1794504
3239,0.98603803
3240,0.80113397
3241,0.68887374
3242,0.66589687
3243,0.74257012
3244,0.88608782
3245,1.0709795
3246,1.1988069
3247,1.1743701
3248,1.1010602
3249,1.1039996
3250,1.1417542
3251,1.1520112
3252,1.121501
3253,1.0270621
3254,0.9165011
3255,0.89736386
3256,0.94904927
3257,1.0050338
3258,1.0665658
3259,1.1500611
3260,1.2430747
3261,1.2899855
3262,1.2909507
3263,1.2762532
3264,1.2500555
3265,1.2444948
3266,1.3251936
3267,1.4415693
3268,1.4631376
3269,1.4368354
3270,1.5232221
3271,1.683684
3272,1.7348922
3273,1.6834879
3274,1.6377352
3275,1.6166939
3276,1.6529498
3277,1.7491051
3278,1.887042
3279,2.0605144
3280,2.2446885
3281,2.4294398
3282,2.5642089
3283,2.6398087
3284,2.760551
3285,2.9640728
3286,3.2381583
3287,3.5760251
3288,3.9162221
3289,4.2268965
3290,4.6462208
3291,5.2653758
3292,5.9694789
3293,6.6647071
3294,7.3854457
3295,8.1668116
3296,9.0153798
3297,10.074654
3298,11.392816
3299,12.608071
3300,13.541995
3301,14.262977
3302,14.812873
3303,15.279371
3304,15.727729
3305,16.324881
3306,17.225009
3307,17.967254
3308,18.018087
3309,17.447394
3310,16.356287
3311,14.947669
3312,13.576335
3313,12.297463
3314,11.214986
3315,10.381692
3316,9.9259584
3317,9.9024268
3318,10.463298
3319,11.556167
3320,12.933962
3321,14.627427
3322,16.902288
3323,19.868842
3324,23.979521
3325,29.288711
3326,35.637701
3327,42.993503
3328,50.443112
3329,55.333586
3330,56.709413
3331,51.779984
3332,41.258015
3333,29.322672
3334,17.117069
3335,8.1932701
3336,2.9055953
3337,0.037213137
3338,-0.78845806
3339,-0.86499908
3340,-0.53145243
3341,-0.21130694
3342,-0.020243852
3343,0.14056562
3344,0.30287406
3345,0.39596777
3346,0.39098464
3347,0.34137481
3348,0.27546437
3349,0.2376924
3350,0.25622714
3351,0.31662506
3352,0.40759107
3353,0.46061439
3354,0.40892307
3355,0.34531666
3356,0.38292634
3357,0.46499042
3358,0.50571376
3359,0.5047528
3360,0.49149666
3361,0.48316932
3362,0.50133028
3363,0.56130734
3364,0.62823259
3365,0.671328
3366,0.71018473
3367,0.7664857
3368,0.79961716
3369,0.75379599
3370,0.66629825
3371,0.60051196
3372,0.56388767
3373,0.56964761
3374,0.59561472
3375,0.5853284
3376,0.55821434
3377,0.58163637
3378,0.64615446
3379,0.6992911
3380,0.73057669
3381,0.71472205
3382,0.65757793
3383,0.61049609
3384,0.57633506
3385,0.51684108
3386,0.42963684
3387,0.36382074
3388,0.33160886
3389,0.33473707
3390,0.37372885
3391,0.44294035
3392,0.51878897
3393,0.58169898
3394,0.54380919
3395,0.41235179
3396,0.31595403
3397,0.26972234
3398,0.20616553
3399,0.11587083
3400,0.061864038
3401,0.06012031
3402,0.089220486
3403,0.13961914
3404,0.15982332
3405,0.12982174
3406,0.08954889
3407,0.058838883
3408,0.030423312
3409,-0.000155067
3410,-0.038391841
3411,-0.088394591
3412,-0.12624024
3413,-0.12966422
3414,-0.11152577
3415,-0.086822892
3416,-0.054567932
3417,-0.013304717
3418,0.4990591
3419,0.56005503
3420,0.47909112
3421,0.33942016
3422,0.16936156
3423,0.040429114
3424,-0.042877028
3425,-0.021816107
3426,0.17288858
3427,0.41840628
3428,0.53550462
3429,0.52511209
3430,0.39160811
3431,0.20570757
3432,0.12105581
3433,0.13237066
3434,0.21154175
3435,0.31974435
3436,0.33661193
3437,0.28753041
3438,0.30889241
3439,0.38282644
3440,0.35393985
3441,0.2301166
3442,0.18608531
3443,0.24511858
3444,0.35778841
3445,0.49899856
3446,0.51982982
3447,0.39228553
3448,0.26669689
3449,0.19108229
3450,0.16635827
3451,0.19659359
3452,0.27353269
3453,0.34892772
3454,0.41025289
3455,0.42163052
3456,0.38074459
3457,0.3288736
3458,0.27937091
3459,0.27446085
3460,0.32512382
3461,0.40841328
3462,0.51331533
3463,0.56887056
3464,0.54554821
3465,0.49717738
3466,0.45288245
3467,0.47186014
3468,0.59214427
3469,0.74601324
3470,0.87955315
3471,0.99746533
3472,1.1044218
3473,1.1503351
3474,1.0730183
3475,0.87813736
3476,0.75817661
3477,0.80514021
3478,0.94181663
3479,1.1223161
3480,1.304773
3481,1.4588692
3482,1.64727
3483,1.9263397
3484,2.136639
3485,2.0983534
3486,2.000151
3487,2.1059319
3488,2.4033876
3489,2.8683709
3490,3.4638671
3491,4.1133712
3492,4.7662033
3493,5.2995912
3494,5.7818328
3495,6.4432308
3496,7.2930267
3497,8.3042062
3498,9.4521906
3499,10.634414
3500,11.837873
3501,12.945117
3502,13.731086
3503,14.218041
3504,14.470834
3505,14.600882
3506,14.916885
3507,15.366821
3508,15.705208
3509,15.834789
3510,15.430583
3511,14.512777
3512,13.381513
3513,12.137116
3514,11.155349
3515,10.492403
3516,10.038473
3517,9.7968095
3518,10.087225
3519,10.988247
3520,12.324599
3521,14.042822
3522,16.294916
3523,19.144291
3524,22.644099
3525,27.112493
3526,32.603021
3527,39.120612
3528,46.502741
3529,53.124543
3530,58.341621
3531,59.096523
3532,54.47015
3533,45.251455
3534,31.904576
3535,19.247955
3536,9.5306962
3537,3.0682951
3538,0.028595569
3539,-0.9960098
3540,-0.98483291
3541,-0.51066543
3542,-0.066077625
3543,0.28441546
3544,0.47128122
3545,0.53382328
3546,0.52471126
3547,0.49418511
3548,0.52446404
3549,0.61600807
3550,0.70792144
3551,0.76161692
3552,0.80021762
3553,0.84180116
3554,0.8738758
3555,0.88426686
3556,0.88182738
3557,0.87735
3558,0.8933647
3559,0.96372475
3560,1.0494128
3561,1.0780009
3562,1.0913432
3563,1.1867864
3564,1.3131679
3565,1.3210422
3566,1.2344835
3567,1.161702
3568,1.1202392
3569,1.1464205
3570,1.2275671
3571,1.2801434
3572,1.298226
3573,1.3175952
3574,1.3445328
3575,1.3725476
3576,1.3854047
3577,1.3800909
3578,1.3497882
3579,1.2996607
3580,1.2506889
3581,1.2034794
3582,1.1517294
3583,1.1028409
3584,1.1035722
3585,1.1487675
3586,1.1474351
3587,1.0942129
3588,1.108633
3589,1.2089667
3590,1.2550222
3591,1.2074326
3592,1.117796
3593,1.0073807
3594,0.93803862
3595,0.93544971
3596,0.90744808
3597,0.80446692
3598,0.69244105
3599,0.61532313
3600,0.57160867
3601,0.54473444
3602,0.52887381
3603,0.50500471
3604,0.46743453
3605,0.43208676
3606,0.40485909
3607,0.36301569
3608,0.29600461
3609,0.25899026
3610,0.28521501
3611,0.30039909
3612,0.24893174
3613,0.16758045
3614,0.090563728
3615,0.024383594
3616,-0.023376486
3617,-0.045415016
3618,-0.031215015
3619,0.90021018
3620,0.91234407
3621,0.92733024
3622,0.97168762
3623,1.0101981
3624,1.0362026
3625,1.0804541
3626,1.1531844
3627,1.2664645
3628,1.4210646
3629,1.5054498
3630,1.4694725
3631,1.3872745
3632,1.3009478
3633,1.2481874
3634,1.2550139
3635,1.3134462
3636,1.3310538
3637,1.2875873
3638,1.2817529
3639,1.3430785
3640,1.3554364
3641,1.2723337
3642,1.2025294
3643,1.2020302
3644,1.259295
3645,1.3667894
3646,1.4589673
3647,1.4849551
3648,1.4874476
3649,1.5077351
3650,1.4992195
3651,1.4055081
3652,1.2824466
3653,1.2136485
3654,1.2147358
3655,1.3127955
3656,1.4685252
3657,1.5931295
3658,1.6762349
3659,1.6985885
3660,1.6607083
3661,1.5678634
3662,1.4598649
3663,1.4961823
3664,1.6625272
3665,1.8028012
3666,1.8955469
3667,1.9391592
3668,1.9303606
3669,1.8429573
3670,1.6121102
3671,1.3505406
3672,1.4084645
3673,1.7162741
3674,1.9281355
3675,2.0110115
3676,1.9616926
3677,1.8152198
3678,1.7725043
3679,1.8498437
3680,1.937342
3681,2.0231339
3682,2.198622
3683,2.4708322
3684,2.6491331
3685,2.6857515
3686,2.7439801
3687,2.8822692
3688,3.0690972
3689,3.2918723
3690,3.6148075
3691,4.0718203
3692,4.5808601
3693,5.0876482
3694,5.6071373
3695,6.1515392
3696,6.6918411
3697,7.1984132
3698,7.6850416
3699,8.4526796
3700,9.6148758
3701,10.851577
3702,12.001696
3703,12.907827
3704,13.475855
3705,13.924176
3706,14.415197
3707,15.029494
3708,15.841487
3709,16.513606
3710,16.655049
3711,16.252676
3712,15.288402
3713,14.021413
3714,12.906923
3715,11.898017
3716,10.876203
3717,9.9347042
3718,9.3264553
3719,9.1289497
3720,9.5464158
3721,10.524882
3722,11.796258
3723,13.344773
3724,15.223395
3725,17.518499
3726,20.7057
3727,24.886064
3728,30.226998
3729,36.763295
3730,43.888759
3731,49.841954
3732,53.532529
3733,51.490062
3734,43.986127
3735,33.537217
3736,21.246933
3737,11.503275
3738,4.9005631
3739,1.0053805
3740,-0.42589685
3741,-0.81795281
3742,-0.55125158
3743,-0.17481196
3744,0.15072452
3745,0.37998688
3746,0.50072303
3747,0.6015995
3748,0.71900409
3749,0.79386646
3750,0.79628528
3751,0.79176485
3752,0.82185009
3753,0.87183844
3754,0.9302344
3755,0.97833858
3756,0.99792619
3757,1.0117404
3758,1.0475074
3759,1.0902403
3760,1.1172943
3761,1.1285318
3762,1.1290063
3763,1.1216965
3764,1.1128094
3765,1.1067842
3766,1.121405
3767,1.1723697
3768,1.2518671
3769,1.3512519
3770,1.4141623
3771,1.3632188
3772,1.2774308
3773,1.2907367
3774,1.3584273
3775,1.3841736
3776,1.3586127
3777,1.2655628
3778,1.1346625
3779,1.058526
3780,1.0411229
3781,1.0734048
3782,1.1370663
3783,1.1520827
3784,1.1226575
3785,1.1295235
3786,1.1709867
3787,1.1421142
3788,1.0322719
3789,0.93752643
3790,0.88184813
3791,0.86949416
3792,0.90174832
3793,0.96018141
3794,0.9677879
3795,0.92017897
3796,0.8386546
3797,0.73385928
3798,0.65526903
3799,0.61281987
3800,0.61496969
3801,0.65547874
3802,0.64476787
3803,0.56199339
3804,0.46578592
3805,0.37785187
3806,0.34122668
3807,0.37062302
3808,0.36074153
3809,0.26024533
3810,0.15460409
3811,0.095865633
3812,0.076417462
3813,0.090548733
3814,0.10563669
3815,0.091320207
3816,0.065415453
3817,0.04870182
3818,0.038649966
3819,0.031567616
3820,0.46992949
3821,0.55224193
3822,0.6831182
3823,0.84879109
3824,0.9026388
3825,0.81398621
3826,0.67162518
3827,0.5062223
3828,0.37391256
3829,0.2992325
3830,0.37560214
3831,0.64137724
3832,0.84547332
3833,0.84712248
3834,0.73470997
3835,0.56924805
3836,0.37272575
3837,0.39980244
3838,0.70146614
3839,0.92862185
3840,0.96229805
3841,0.86693548
3842,0.6724134
3843,0.47885788
3844,0.33875862
3845,0.31513397
3846,0.44728341
3847,0.62068305
3848,0.74644005
3849,0.82481641
3850,0.85606555
3851,0.84496107
3852,0.79727994
3853,0.73371383
3854,0.68515441
3855,0.65540619
3856,0.65088076
3857,0.66200604
3858,0.66716456
3859,0.68631167
3860,0.77565941
3861,0.90944448
3862,0.99219326
3863,1.0207063
3864,1.0125284
3865,0.97781857
3866,0.95813442
3867,0.95918841
3868,0.99373932
3869,1.08784
3870,1.1950895
3871,1.1982927
3872,1.1397321
3873,1.1639959
3874,1.2500948
3875,1.2839007
3876,1.2602346
3877,1.2040955
3878,1.132612
3879,1.1254705
3880,1.1927137
3881,1.3164413
3882,1.4885799
3883,1.666896
3884,1.8358435
3885,1.9302666
3886,1.9365217
3887,1.957439
3888,2.0320863
3889,2.2005185
3890,2.4792852
3891,2.8117052
3892,3.1675562
3893,3.5913415
3894,4.1122315
3895,4.6142248
3896,5.0025848
3897,5.4153804
3898,5.9936184
3899,6.7395753
3900,7.702859
3901,8.8983393
3902,10.138245
3903,11.326786
3904,12.285592
3905,12.908136
3906,13.465065
3907,14.15761
3908,15.002033
3909,16.013355
3910,16.887244
3911,17.271382
3912,17.146189
3913,16.484285
3914,15.451699
3915,14.340255
3916,13.152929
3917,11.884483
3918,10.621999
3919,9.5926012
3920,8.8996187
3921,8.8334383
3922,9.3037065
3923,9.8763984
3924,10.601567
3925,11.927043
3926,13.952698
3927,16.926128
3928,20.936873
3929,26.35326
3930,33.251846
3931,41.301467
3932,49.539855
3933,56.891152
3934,59.755779
3935,57.676197
3936,50.039112
3937,37.623476
3938,25.035398
3939,13.357995
3940,5.2733441
3941,1.0928168
3942,-0.89857741
3943,-1.200851
3944,-0.96657987
3945,-0.54143557
3946,-0.15774648
3947,0.10475441
3948,0.2893038
3949,0.41483633
3950,0.50031866
3951,0.55583399
3952,0.59974263
3953,0.64368444
3954,0.68221875
3955,0.71109215
3956,0.73547369
3957,0.76040126
3958,0.80301133
3959,0.88419486
3960,0.97560194
3961,1.0345101
3962,1.0606462
3963,1.0627596
3964,1.0462415
3965,1.055681
3966,1.1228027
3967,1.2002044
3968,1.2460441
3969,1.2644455
3970,1.2599722
3971,1.2490474
3972,1.2542165
3973,1.2838155
3974,1.3516622
3975,1.4222894
3976,1.422333
3977,1.366735
3978,1.2983782
3979,1.2274492
3980,1.1787396
3981,1.1542067
3982,1.1547597
3983,1.179628
3984,1.2248844
3985,1.2822773
3986,1.307445
3987,1.2904577
3988,1.2103616
3989,1.0725313
3990,0.96654421
3991,0.91402016
3992,0.90971781
3993,0.95205655
3994,1.031519
3995,1.1083372
3996,1.1654922
3997,1.1376115
3998,1.0281288
3999,0.92007992
4000,0.82698693
4001,0.73673419
4002,0.64522632
4003,0.53729286
4004,0.41580181
4005,0.38753691
4006,0.48166746
4007,0.54708717
4008,0.522521
4009,0.43393036
4010,0.29516634
4011,0.16747284
4012,0.088018923
4013,0.026391047
4014,-0.040174422
4015,-0.077971978
4016,-0.055632826
4017,-0.007466109
4018,0.026512629
4019,0.045235687
4020,0.047246677
