1,-113.721
2,-113.753
3,-113.756
4,-113.74
5,-113.695
6,-113.706
7,-113.597
8,-113.456
9,-113.258
10,-113.134
11,-112.855
12,-112.499
13,-112.274
14,-111.73
15,-111.183
16,-110.725
17,-110.459
18,-109.972
19,-109.471
20,-109.108
21,-108.979
22,-108.861
23,-108.801
24,-108.706
25,-108.603
26,-108.275
27,-108.151
28,-108
29,-107.961
30,-107.745
31,-107.675
32,-107.695
33,-107.422
34,-107.322
35,-107.358
36,-107.21
37,-107.32
38,-107.279
39,-107.22
40,-107.009
41,-106.742
42,-106.147
43,-105.817
44,-105.548
45,-104.875
46,-104.16
47,-103.309
48,-102.862
49,-102.081
50,-101.225
51,-100.789
52,-99.9626
53,-99.2844
54,-98.4309
55,-98.0434
56,-97.3406
57,-96.6433
58,-96.2607
59,-95.4336
60,-94.5149
61,-93.5743
62,-92.9874
63,-92.0058
64,-90.8911
65,-90.4114
66,-89.296
67,-88.4651
68,-87.8955
69,-87.7703
70,-87.2904
71,-86.895
72,-86.6838
73,-86.3753
74,-85.8845
75,-85.4748
76,-85.1179
77,-84.4457
78,-83.7316
79,-83.4358
80,-82.7857
81,-82.0171
82,-81.1215
83,-80.6028
84,-79.8643
85,-79.086
86,-78.6174
87,-77.7062
88,-77.2267
89,-76.465
90,-76.3718
91,-75.9695
92,-75.4139
93,-75.1624
94,-74.936
95,-74.7095
96,-74.4363
97,-74.7061
98,-74.8486
99,-74.655
100,-74.3525
101,-75.1837
102,-75.3554
103,-75.3959
104,-75.3032
105,-75.2905
106,-74.7081
107,-74.3891
108,-73.2121
109,-72.1054
110,-70.3942
111,-69.5834
112,-67.0761
113,-64.134
114,-62.2087
115,-58.7833
116,-54.8278
117,-50.2444
118,-47.5818
119,-42.4427
120,-36.9718
121,-33.75
122,-28.1208
123,-22.2498
124,-15.9708
125,-12.5608
126,-5.52091
127,1.41399
128,4.91718
129,12.5759
130,19.9161
131,27.5471
132,31.4817
133,39.9553
134,47.7076
135,51.4228
136,59.3598
137,67.196
138,75.1835
139,79.049
140,86.788
141,94.5206
142,102.332
143,105.815
144,112.62
145,119.688
146,122.801
147,128.7
148,134.934
149,139.597
150,141.913
151,145.818
152,148.52
153,149.525
154,151.093
155,151.974
156,152.437
157,153.07
158,153.513
159,154.048
160,154.227
161,154.487
162,154.572
163,154.555
164,154.514
165,154.361
166,153.97
167,153.612
168,152.872
169,151.975
170,151.223
171,151.105
172,150.937
173,150.596
174,150.337
175,149.643
176,149.231
177,149.17
178,149.136
179,149.014
180,NaN
181,NaN
182,NaN
183,NaN
184,NaN
185,NaN
186,NaN
187,NaN
188,NaN
189,NaN
190,NaN
191,NaN
192,NaN
193,NaN
194,NaN
195,NaN
196,NaN
197,NaN
198,NaN
199,NaN
200,NaN
201,NaN
202,NaN
203,NaN
204,NaN
205,NaN
206,NaN
207,NaN
208,NaN
209,NaN
210,NaN
211,NaN
212,NaN
213,NaN
214,NaN
215,NaN
216,NaN
217,NaN
218,NaN
219,NaN
220,NaN
221,NaN
222,NaN
223,NaN
224,NaN
225,NaN
226,NaN
227,NaN
228,NaN
229,NaN
230,NaN
231,NaN
232,NaN
233,NaN
234,NaN
235,NaN
236,NaN
237,NaN
238,NaN
239,NaN
240,NaN
241,NaN
242,NaN
243,NaN
244,NaN
245,NaN
246,NaN
247,NaN
248,NaN
249,NaN
250,NaN
251,NaN
252,NaN
253,NaN
254,NaN
255,NaN
256,NaN
257,NaN
258,NaN
259,NaN
260,NaN
261,NaN
262,NaN
263,NaN
264,NaN
265,NaN
266,NaN
267,NaN
268,NaN
269,NaN
270,NaN
271,NaN
272,NaN
273,NaN
274,NaN
275,NaN
276,NaN
277,NaN
278,NaN
279,NaN
280,NaN
281,NaN
282,NaN
283,NaN
284,NaN
285,NaN
286,NaN
287,NaN
288,NaN
289,NaN
290,NaN
291,NaN
292,NaN
293,NaN
294,NaN
295,NaN
296,NaN
297,NaN
298,NaN
299,NaN
300,NaN
301,NaN
302,NaN
303,NaN
304,NaN
305,NaN
306,NaN
307,NaN
308,NaN
309,NaN
310,NaN
311,NaN
312,NaN
313,NaN
314,NaN
315,NaN
316,NaN
317,NaN
318,NaN
319,NaN
320,NaN
321,NaN
322,NaN
323,NaN
324,NaN
325,NaN
326,NaN
327,NaN
328,NaN
329,NaN
330,NaN
331,NaN
332,NaN
333,NaN
334,NaN
335,NaN
336,NaN
337,NaN
338,NaN
339,NaN
340,NaN
341,NaN
342,NaN
343,NaN
344,NaN
345,NaN
346,NaN
347,NaN
348,NaN
349,NaN
350,NaN
351,NaN
352,NaN
353,NaN
354,NaN
355,NaN
356,NaN
357,NaN
358,NaN
359,NaN
360,NaN
361,-74.3727
362,-74.3691
363,-74.3507
364,-74.3668
365,-74.4178
366,-74.436
367,-74.4917
368,-74.4946
369,-74.3606
370,-74.1322
371,-73.8863
372,-73.633
373,-73.3145
374,-72.9048
375,-72.8747
376,-72.7354
377,-72.3741
378,-72.2126
379,-72.3454
380,-72.3478
381,-72.0108
382,-71.8562
383,-71.7307
384,-71.7021
385,-71.4228
386,-71.5909
387,-71.528
388,-71.4371
389,-71.3077
390,-71.3562
391,-71.4983
392,-71.0754
393,-70.9073
394,-70.7491
395,-70.4412
396,-69.7492
397,-69.27
398,-68.436
399,-67.9052
400,-67.43
401,-67.1091
402,-65.4526
403,-64.412
404,-64.2219
405,-63.5751
406,-63.1253
407,-61.7386
408,-60.6676
409,-60.0319
410,-59.07
411,-58.5678
412,-58.4251
413,-58.4656
414,-58.4504
415,-58.1469
416,-57.39
417,-57.1875
418,-56.9712
419,-56.7227
420,-56.4829
421,-56.5673
422,-56.4391
423,-56.4883
424,-56.3274
425,-55.9775
426,-55.7881
427,-55.6713
428,-54.859
429,-54.735
430,-54.7106
431,-54.5654
432,-54.3264
433,-54.2801
434,-53.9618
435,-53.6091
436,-53.4027
437,-53.199
438,-53.5844
439,-52.9541
440,-52.9746
441,-52.7965
442,-52.7833
443,-52.8331
444,-52.2367
445,-52.4147
446,-53.2593
447,-53.4103
448,-53.394
449,-54.0854
450,-54.1006
451,-55.0927
452,-56.1758
453,-56.5397
454,-56.8277
455,-57.4537
456,-56.59
457,-56.6107
458,-56.1768
459,-55.9523
460,-55.6523
461,-55.8505
462,-56.0608
463,-55.7466
464,-55.7747
465,-55.8957
466,-57.0724
467,-56.9233
468,-56.7814
469,-57.3721
470,-57.4998
471,-57.3763
472,-57.3936
473,-57.3976
474,-57.5203
475,-57.5534
476,-57.5318
477,-57.5964
478,-57.6822
479,-57.73
480,-57.6197
481,-57.3722
482,-57.152
483,-56.6044
484,-55.6974
485,-55.0455
486,-53.5395
487,-51.8487
488,-49.8043
489,-48.506
490,-46.1108
491,-43.6861
492,-40.9629
493,-39.6592
494,-36.8666
495,-33.6958
496,-31.8614
497,-28.6868
498,-25.2074
499,-21.7799
500,-19.8534
501,-16.4718
502,-12.7418
503,-10.5078
504,-5.77582
505,-1.38026
506,3.6732
507,6.00859
508,11.4169
509,16.9796
510,19.2764
511,23.42
512,28.5598
513,34.0334
514,36.412
515,41.0996
516,45.728
517,48.6058
518,52.9979
519,56.9151
520,59.2954
521,65.0068
522,69.704
523,74.5239
524,77.0516
525,81.4999
526,85.271
527,88.4708
528,90.3195
529,93.8586
530,96.4646
531,97.5413
532,99.3403
533,100.883
534,102.357
535,102.616
536,103.471
537,104.185
538,104.387
539,104.758
540,104.855
541,NaN
542,NaN
543,NaN
544,NaN
545,NaN
546,NaN
547,NaN
548,NaN
549,NaN
550,NaN
551,NaN
552,NaN
553,NaN
554,NaN
555,NaN
556,NaN
557,NaN
558,NaN
559,NaN
560,NaN
561,NaN
562,NaN
563,NaN
564,NaN
565,NaN
566,NaN
567,NaN
568,NaN
569,NaN
570,NaN
571,NaN
572,NaN
573,NaN
574,NaN
575,NaN
576,NaN
577,NaN
578,NaN
579,NaN
580,NaN
581,NaN
582,NaN
583,NaN
584,NaN
585,NaN
586,NaN
587,NaN
588,NaN
589,NaN
590,NaN
591,NaN
592,NaN
593,NaN
594,NaN
595,NaN
596,NaN
597,NaN
598,NaN
599,NaN
600,NaN
601,NaN
602,NaN
603,NaN
604,NaN
605,NaN
606,NaN
607,NaN
608,NaN
609,NaN
610,NaN
611,NaN
612,NaN
613,NaN
614,NaN
615,NaN
616,NaN
617,NaN
618,NaN
619,NaN
620,NaN
621,NaN
622,NaN
623,NaN
624,NaN
625,NaN
626,NaN
627,NaN
628,NaN
629,NaN
630,NaN
631,NaN
632,NaN
633,NaN
634,NaN
635,NaN
636,NaN
637,NaN
638,NaN
639,NaN
640,NaN
641,NaN
642,NaN
643,NaN
644,NaN
645,NaN
646,NaN
647,NaN
648,NaN
649,NaN
650,NaN
651,NaN
652,NaN
653,NaN
654,NaN
655,NaN
656,NaN
657,NaN
658,NaN
659,NaN
660,NaN
661,NaN
662,NaN
663,NaN
664,NaN
665,NaN
666,NaN
667,NaN
668,NaN
669,NaN
670,NaN
671,NaN
672,NaN
673,NaN
674,NaN
675,NaN
676,NaN
677,NaN
678,NaN
679,NaN
680,NaN
681,NaN
682,NaN
683,NaN
684,NaN
685,NaN
686,NaN
687,NaN
688,NaN
689,NaN
690,NaN
691,NaN
692,NaN
693,NaN
694,NaN
695,NaN
696,NaN
697,NaN
698,NaN
699,NaN
700,NaN
701,NaN
702,NaN
703,NaN
704,NaN
705,NaN
706,NaN
707,NaN
708,NaN
709,NaN
710,NaN
711,NaN
712,NaN
713,NaN
714,NaN
715,NaN
716,NaN
717,NaN
718,NaN
719,NaN
720,NaN
721,-80.8439
722,-81.0856
723,-81.2439
724,-81.2519
725,-81.1882
726,-81.1298
727,-81.0433
728,-80.9017
729,-80.8367
730,-80.6764
731,-80.4549
732,-80.2016
733,-79.9572
734,-79.7953
735,-79.6995
736,-79.7392
737,-79.9904
738,-80.1578
739,-80.9719
740,-81.6748
741,-82.4792
742,-82.7877
743,-84.6607
744,-85.6318
745,-86.1871
746,-86.898
747,-87.5131
748,-87.7673
749,-87.9319
750,-88.0017
751,-88.3635
752,-88.6066
753,-89.1416
754,-89.4076
755,-89.2935
756,-89.249
757,-89.7561
758,-88.7062
759,-88.5158
760,-88.2013
761,-87.9258
762,-87.6908
763,-87.9462
764,-87.9706
765,-88.6606
766,-88.9391
767,-88.9575
768,-88.9573
769,-89.071
770,-89.0217
771,-89.1664
772,-88.9695
773,-88.8767
774,-88.2926
775,-87.9711
776,-88.0571
777,-88.2606
778,-88.0313
779,-87.9097
780,-87.8541
781,-88.3135
782,-88.3117
783,-88.4923
784,-88.4066
785,-88.062
786,-88.1536
787,-87.4359
788,-87.7813
789,-87.8075
790,-87.8657
791,-87.3179
792,-87.2335
793,-86.3766
794,-85.986
795,-85.7476
796,-85.6474
797,-84.7137
798,-84.2473
799,-83.4611
800,-83.0138
801,-82.909
802,-83.0857
803,-83.2881
804,-83.3313
805,-83.638
806,-84.0682
807,-84.1614
808,-84.143
809,-84.238
810,-84.3627
811,-84.6253
812,-84.8054
813,-84.9225
814,-84.8632
815,-84.8597
816,-84.8409
817,-84.8078
818,-84.5319
819,-84.2318
820,-84.034
821,-83.6757
822,-83.0466
823,-81.8433
824,-80.2681
825,-78.1746
826,-75.62
827,-73.8944
828,-70.3693
829,-66.2022
830,-61.7652
831,-56.9828
832,-51.9587
833,-49.3085
834,-43.8022
835,-38.2589
836,-35.2636
837,-24.6742
838,-18.9009
839,-12.3062
840,-5.90211
841,-2.58125
842,24.2557
843,30.9889
844,37.0977
845,40.0768
846,45.4835
847,50.5756
848,54.9129
849,58.4773
850,61.5179
851,62.9049
852,65.2348
853,67.4946
854,69.2653
855,70.6977
856,71.9659
857,73.0422
858,73.3871
859,73.859
860,74.79
861,75.4774
862,75.6618
863,75.6441
864,75.6044
865,75.5457
866,75.3894
867,76.026
868,75.7635
869,75.5072
870,75.2944
871,75.1403
872,75.0624
873,74.9908
874,74.693
875,74.5637
876,74.2952
877,74.0355
878,73.7976
879,73.6854
880,73.3031
881,72.8907
882,72.8973
883,72.6505
884,72.2283
885,71.81
886,71.6708
887,72.4328
888,72.4303
889,72.2815
890,72.0855
891,71.9949
892,NaN
893,NaN
894,NaN
895,NaN
896,NaN
897,NaN
898,NaN
899,NaN
900,NaN
901,NaN
902,NaN
903,NaN
904,NaN
905,NaN
906,NaN
907,NaN
908,NaN
909,NaN
910,NaN
911,NaN
912,NaN
913,NaN
914,NaN
915,NaN
916,NaN
917,NaN
918,NaN
919,NaN
920,NaN
921,NaN
922,NaN
923,NaN
924,NaN
925,NaN
926,NaN
927,NaN
928,NaN
929,NaN
930,NaN
931,NaN
932,NaN
933,NaN
934,NaN
935,NaN
936,NaN
937,NaN
938,NaN
939,NaN
940,NaN
941,NaN
942,NaN
943,NaN
944,NaN
945,NaN
946,NaN
947,NaN
948,NaN
949,NaN
950,NaN
951,NaN
952,NaN
953,NaN
954,NaN
955,NaN
956,NaN
957,NaN
958,NaN
959,NaN
960,NaN
961,NaN
962,NaN
963,NaN
964,NaN
965,NaN
966,NaN
967,NaN
968,NaN
969,NaN
970,NaN
971,NaN
972,NaN
973,NaN
974,NaN
975,NaN
976,NaN
977,NaN
978,NaN
979,NaN
980,NaN
981,NaN
982,NaN
983,NaN
984,NaN
985,NaN
986,NaN
987,NaN
988,NaN
989,NaN
990,NaN
991,NaN
992,NaN
993,NaN
994,NaN
995,NaN
996,NaN
997,NaN
998,NaN
999,NaN
1000,NaN
1001,NaN
1002,NaN
1003,NaN
1004,NaN
1005,NaN
1006,NaN
1007,NaN
1008,NaN
1009,NaN
1010,NaN
1011,NaN
1012,NaN
1013,NaN
1014,NaN
1015,NaN
1016,NaN
1017,NaN
1018,NaN
1019,NaN
1020,NaN
1021,NaN
1022,NaN
1023,NaN
1024,NaN
1025,NaN
1026,NaN
1027,NaN
1028,NaN
1029,NaN
1030,NaN
1031,NaN
1032,NaN
1033,NaN
1034,NaN
1035,NaN
1036,NaN
1037,NaN
1038,NaN
1039,NaN
1040,NaN
1041,NaN
1042,NaN
1043,NaN
1044,NaN
1045,NaN
1046,NaN
1047,NaN
1048,NaN
1049,NaN
1050,NaN
1051,NaN
1052,NaN
1053,NaN
1054,NaN
1055,NaN
1056,NaN
1057,NaN
1058,NaN
1059,NaN
1060,NaN
1061,NaN
1062,NaN
1063,NaN
1064,NaN
1065,NaN
1066,NaN
1067,NaN
1068,NaN
1069,NaN
1070,NaN
1071,NaN
1072,NaN
1073,NaN
1074,NaN
1075,NaN
1076,NaN
1077,NaN
1078,NaN
1079,NaN
1080,NaN
1081,-46.166
1082,-46.167
1083,-46.1624
1084,-46.1621
1085,-46.1643
1086,-46.1938
1087,-46.2277
1088,-46.2431
1089,-46.3307
1090,-46.4869
1091,-46.6057
1092,-46.8178
1093,-47.0972
1094,-47.3291
1095,-47.4847
1096,-47.7893
1097,-48.2258
1098,-48.492
1099,-49.0338
1100,-49.4905
1101,-49.9381
1102,-50.2332
1103,-50.9866
1104,-51.6332
1105,-51.9814
1106,-52.6545
1107,-53.2208
1108,-53.9412
1109,-54.3474
1110,-55.484
1111,-56.4074
1112,-57.134
1113,-58.0317
1114,-60.2783
1115,-61.6243
1116,-62.9027
1117,-64.4001
1118,-65.8069
1119,-66.6482
1120,-67.7698
1121,-68.9944
1122,-69.6023
1123,-70.9575
1124,-72.7617
1125,-74.6478
1126,-75.2432
1127,-76.2909
1128,-77.4807
1129,-78.2783
1130,-78.6533
1131,-79.195
1132,-80.0246
1133,-80.2999
1134,-80.3943
1135,-80.4896
1136,-80.4848
1137,-80.4379
1138,-80.3861
1139,-79.9776
1140,-79.7104
1141,-79.1219
1142,-78.4825
1143,-77.7734
1144,-77.4118
1145,-76.8782
1146,-76.3461
1147,-76.1321
1148,-75.783
1149,-75.537
1150,-75.3924
1151,-75.2227
1152,-74.928
1153,-75.1951
1154,-75.1578
1155,-75.044
1156,-75.0492
1157,-74.7104
1158,-74.4561
1159,-74.6172
1160,-74.1158
1161,-74.0084
1162,-73.7388
1163,-73.4566
1164,-73.0562
1165,-72.9024
1166,-72.7839
1167,-72.7539
1168,-72.656
1169,-72.3109
1170,-71.9275
1171,-71.7446
1172,-71.77
1173,-71.6371
1174,-71.0791
1175,-71.0436
1176,-70.9383
1177,-71.0838
1178,-71.0268
1179,-70.8863
1180,-70.9756
1181,-70.5306
1182,-69.9552
1183,-69.7852
1184,-69.1961
1185,-68.9157
1186,-68.4054
1187,-67.2467
1188,-65.3853
1189,-63.4072
1190,-62.5219
1191,-59.9297
1192,-57.2263
1193,-55.4175
1194,-52.5799
1195,-47.7593
1196,-45.9506
1197,-42.3256
1198,-37.8598
1199,-30.0769
1200,-25.3766
1201,-20.8799
1202,-15.5548
1203,-12.6717
1204,-7.2569
1205,-1.42879
1206,1.25033
1207,6.09521
1208,12.1993
1209,15.0822
1210,20.0197
1211,25.0949
1212,30.5539
1213,33.4919
1214,38.9073
1215,44.538
1216,50.2075
1217,53.2276
1218,57.8151
1219,62.8053
1220,65.2236
1221,69.3773
1222,73.5543
1223,77.493
1224,78.7633
1225,80.3033
1226,81.7663
1227,82.2903
1228,83.0736
1229,85.0573
1230,85.3059
1231,85.6903
1232,86.1124
1233,86.0361
1234,85.9995
1235,85.8248
1236,85.4974
1237,85.1705
1238,85.0279
1239,84.7122
1240,84.45
1241,84.3356
1242,84.124
1243,83.999
1244,83.9147
1245,83.8633
1246,83.6495
1247,83.4363
1248,83.3509
1249,83.2575
1250,83.0107
1251,82.7805
1252,82.6694
1253,82.4724
1254,82.3262
1255,82.3239
1256,82.2747
1257,82.1139
1258,81.9978
1259,81.9846
1260,NaN
1261,NaN
1262,NaN
1263,NaN
1264,NaN
1265,NaN
1266,NaN
1267,NaN
1268,NaN
1269,NaN
1270,NaN
1271,NaN
1272,NaN
1273,NaN
1274,NaN
1275,NaN
1276,NaN
1277,NaN
1278,NaN
1279,NaN
1280,NaN
1281,NaN
1282,NaN
1283,NaN
1284,NaN
1285,NaN
1286,NaN
1287,NaN
1288,NaN
1289,NaN
1290,NaN
1291,NaN
1292,NaN
1293,NaN
1294,NaN
1295,NaN
1296,NaN
1297,NaN
1298,NaN
1299,NaN
1300,NaN
1301,NaN
1302,NaN
1303,NaN
1304,NaN
1305,NaN
1306,NaN
1307,NaN
1308,NaN
1309,NaN
1310,NaN
1311,NaN
1312,NaN
1313,NaN
1314,NaN
1315,NaN
1316,NaN
1317,NaN
1318,NaN
1319,NaN
1320,NaN
1321,NaN
1322,NaN
1323,NaN
1324,NaN
1325,NaN
1326,NaN
1327,NaN
1328,NaN
1329,NaN
1330,NaN
1331,NaN
1332,NaN
1333,NaN
1334,NaN
1335,NaN
1336,NaN
1337,NaN
1338,NaN
1339,NaN
1340,NaN
1341,NaN
1342,NaN
1343,NaN
1344,NaN
1345,NaN
1346,NaN
1347,NaN
1348,NaN
1349,NaN
1350,NaN
1351,NaN
1352,NaN
1353,NaN
1354,NaN
1355,NaN
1356,NaN
1357,NaN
1358,NaN
1359,NaN
1360,NaN
1361,NaN
1362,NaN
1363,NaN
1364,NaN
1365,NaN
1366,NaN
1367,NaN
1368,NaN
1369,NaN
1370,NaN
1371,NaN
1372,NaN
1373,NaN
1374,NaN
1375,NaN
1376,NaN
1377,NaN
1378,NaN
1379,NaN
1380,NaN
1381,NaN
1382,NaN
1383,NaN
1384,NaN
1385,NaN
1386,NaN
1387,NaN
1388,NaN
1389,NaN
1390,NaN
1391,NaN
1392,NaN
1393,NaN
1394,NaN
1395,NaN
1396,NaN
1397,NaN
1398,NaN
1399,NaN
1400,NaN
1401,NaN
1402,NaN
1403,NaN
1404,NaN
1405,NaN
1406,NaN
1407,NaN
1408,NaN
1409,NaN
1410,NaN
1411,NaN
1412,NaN
1413,NaN
1414,NaN
1415,NaN
1416,NaN
1417,NaN
1418,NaN
1419,NaN
1420,NaN
1421,NaN
1422,NaN
1423,NaN
1424,NaN
1425,NaN
1426,NaN
1427,NaN
1428,NaN
1429,NaN
1430,NaN
1431,NaN
1432,NaN
1433,NaN
1434,NaN
1435,NaN
1436,NaN
1437,NaN
1438,NaN
1439,NaN
1440,NaN
1441,-24.4761
1442,-24.3249
1443,-24.2553
1444,-24.1007
1445,-23.9074
1446,-23.7139
1447,-23.5215
1448,-23.2606
1449,-22.872
1450,-22.7181
1451,-22.4497
1452,-22.2275
1453,-22.0266
1454,-21.8362
1455,-21.6752
1456,-21.5226
1457,-21.4486
1458,-21.3171
1459,-21.206
1460,-21.0923
1461,-20.9985
1462,-20.9111
1463,-20.8104
1464,-20.7558
1465,-20.6622
1466,-20.5632
1467,-20.4508
1468,-20.2545
1469,-20.2119
1470,-20.1436
1471,-20.1238
1472,-20.1773
1473,-20.5084
1474,-20.9411
1475,-21.5025
1476,-21.7455
1477,-22.3619
1478,-23.0948
1479,-23.664
1480,-23.8865
1481,-24.1298
1482,-24.4732
1483,-24.8487
1484,-25.866
1485,-27.0337
1486,-28.3906
1487,-29.1862
1488,-32.3814
1489,-33.3144
1490,-35.3095
1491,-37.0127
1492,-38.9261
1493,-41.0035
1494,-43.3748
1495,-45.5691
1496,-46.8233
1497,-49.2428
1498,-51.6007
1499,-54.0217
1500,-56.6872
1501,-59.0333
1502,-61.0509
1503,-62.2478
1504,-64.8468
1505,-66.913
1506,-69.1818
1507,-70.9761
1508,-72.8335
1509,-74.3399
1510,-75.0554
1511,-76.3436
1512,-77.0469
1513,-77.3727
1514,-77.5487
1515,-77.6962
1516,-77.8484
1517,-77.898
1518,-78.0595
1519,-78.1589
1520,-77.8464
1521,-76.9324
1522,-76.6851
1523,-76.3554
1524,-76.0274
1525,-75.0651
1526,-73.8139
1527,-72.2714
1528,-71.0922
1529,-69.9794
1530,-69.3018
1531,-67.9941
1532,-67.0253
1533,-66.2551
1534,-65.2701
1535,-64.3515
1536,-64.2583
1537,-63.9304
1538,-63.4792
1539,-62.9984
1540,-63.1227
1541,-62.3147
1542,-61.7973
1543,-61.4306
1544,-61.0924
1545,-60.6013
1546,-60.3955
1547,-60.0043
1548,-59.6919
1549,-59.426
1550,-59.4261
1551,-59.415
1552,-59.4427
1553,-59.5236
1554,-59.8952
1555,-59.8954
1556,-59.7161
1557,-59.2848
1558,-58.958
1559,-58.741
1560,-58.6153
1561,-58.4853
1562,-58.3293
1563,-58.2696
1564,-57.9897
1565,-57.3427
1566,-56.6801
1567,-53.4194
1568,-51.1657
1569,-49.9823
1570,-47.3945
1571,-44.3031
1572,-41.2339
1573,-37.2631
1574,-33.5513
1575,-29.5035
1576,-27.1379
1577,-22.5996
1578,-17.369
1579,-12.1886
1580,-7.05603
1581,-1.91777
1582,3.49178
1583,6.38566
1584,12.5707
1585,18.5929
1586,24.6746
1587,30.8997
1588,37.9538
1589,47.514
1590,53.1126
1591,58.7974
1592,63.9562
1593,69.0729
1594,74.0917
1595,76.1722
1596,80.7873
1597,85.0955
1598,88.8196
1599,92.1387
1600,95.731
1601,96.9707
1602,100.036
1603,102.124
1604,103.788
1605,105.111
1606,106.419
1607,107.272
1608,107.644
1609,108.088
1610,108.431
1611,108.713
1612,108.874
1613,108.988
1614,NaN
1615,NaN
1616,NaN
1617,NaN
1618,NaN
1619,NaN
1620,NaN
1621,NaN
1622,NaN
1623,NaN
1624,NaN
1625,NaN
1626,NaN
1627,NaN
1628,NaN
1629,NaN
1630,NaN
1631,NaN
1632,NaN
1633,NaN
1634,NaN
1635,NaN
1636,NaN
1637,NaN
1638,NaN
1639,NaN
1640,NaN
1641,NaN
1642,NaN
1643,NaN
1644,NaN
1645,NaN
1646,NaN
1647,NaN
1648,NaN
1649,NaN
1650,NaN
1651,NaN
1652,NaN
1653,NaN
1654,NaN
1655,NaN
1656,NaN
1657,NaN
1658,NaN
1659,NaN
1660,NaN
1661,NaN
1662,NaN
1663,NaN
1664,NaN
1665,NaN
1666,NaN
1667,NaN
1668,NaN
1669,NaN
1670,NaN
1671,NaN
1672,NaN
1673,NaN
1674,NaN
1675,NaN
1676,NaN
1677,NaN
1678,NaN
1679,NaN
1680,NaN
1681,NaN
1682,NaN
1683,NaN
1684,NaN
1685,NaN
1686,NaN
1687,NaN
1688,NaN
1689,NaN
1690,NaN
1691,NaN
1692,NaN
1693,NaN
1694,NaN
1695,NaN
1696,NaN
1697,NaN
1698,NaN
1699,NaN
1700,NaN
1701,NaN
1702,NaN
1703,NaN
1704,NaN
1705,NaN
1706,NaN
1707,NaN
1708,NaN
1709,NaN
1710,NaN
1711,NaN
1712,NaN
1713,NaN
1714,NaN
1715,NaN
1716,NaN
1717,NaN
1718,NaN
1719,NaN
1720,NaN
1721,NaN
1722,NaN
1723,NaN
1724,NaN
1725,NaN
1726,NaN
1727,NaN
1728,NaN
1729,NaN
1730,NaN
1731,NaN
1732,NaN
1733,NaN
1734,NaN
1735,NaN
1736,NaN
1737,NaN
1738,NaN
1739,NaN
1740,NaN
1741,NaN
1742,NaN
1743,NaN
1744,NaN
1745,NaN
1746,NaN
1747,NaN
1748,NaN
1749,NaN
1750,NaN
1751,NaN
1752,NaN
1753,NaN
1754,NaN
1755,NaN
1756,NaN
1757,NaN
1758,NaN
1759,NaN
1760,NaN
1761,NaN
1762,NaN
1763,NaN
1764,NaN
1765,NaN
1766,NaN
1767,NaN
1768,NaN
1769,NaN
1770,NaN
1771,NaN
1772,NaN
1773,NaN
1774,NaN
1775,NaN
1776,NaN
1777,NaN
1778,NaN
1779,NaN
1780,NaN
1781,NaN
1782,NaN
1783,NaN
1784,NaN
1785,NaN
1786,NaN
1787,NaN
1788,NaN
1789,NaN
1790,NaN
1791,NaN
1792,NaN
1793,NaN
1794,NaN
1795,NaN
1796,NaN
1797,NaN
1798,NaN
1799,NaN
1800,NaN
1801,-88.3084
1802,-88.2472
1803,-88.1478
1804,-88.145
1805,-88.2671
1806,-88.4455
1807,-88.811
1808,-89.0921
1809,-89.2775
1810,-89.8271
1811,-90.5379
1812,-91.2929
1813,-91.5794
1814,-92.259
1815,-92.8802
1816,-93.0689
1817,-93.5603
1818,-94.3798
1819,-95.5303
1820,-96.2171
1821,-97.4597
1822,-98.8716
1823,-99.5163
1824,-100.725
1825,-102.479
1826,-103.704
1827,-104.742
1828,-106.134
1829,-106.914
1830,-106.46
1831,-106.074
1832,-106.195
1833,-106.355
1834,-106.749
1835,-106.817
1836,-106.016
1837,-105.321
1838,-105.595
1839,-106.037
1840,-106.158
1841,-106.124
1842,-106.204
1843,-106.611
1844,-106.113
1845,-105.599
1846,-105.03
1847,-104.463
1848,-104.354
1849,-104.091
1850,-103.832
1851,-103.296
1852,-103.109
1853,-102.766
1854,-102.069
1855,-101.896
1856,-101.731
1857,-101.509
1858,-101.431
1859,-101.293
1860,-100.691
1861,-100.065
1862,-99.9652
1863,-99.6682
1864,-99.4975
1865,-99.3266
1866,-99.1606
1867,-99.4351
1868,-101.264
1869,-101.719
1870,-103.265
1871,-103.747
1872,-104.115
1873,-104.677
1874,-104.481
1875,-104.792
1876,-107.005
1877,-105.63
1878,-105.349
1879,-109.388
1880,-108.839
1881,-107.37
1882,-106.109
1883,-106.662
1884,-106.742
1885,-106.602
1886,-106.749
1887,-107.106
1888,-107.775
1889,-108.629
1890,-108.792
1891,-109.254
1892,-109.139
1893,-109.24
1894,-109.643
1895,-109.185
1896,-108.965
1897,-108.83
1898,-108.279
1899,-107.515
1900,-106.735
1901,-105.876
1902,-104.263
1903,-101.77
1904,-100.316
1905,-97.0471
1906,-93.5139
1907,-89.3544
1908,-87.1783
1909,-82.3903
1910,-77.3894
1911,-74.7342
1912,-70.4603
1913,-65.5769
1914,-59.9621
1915,-56.7656
1916,-50.849
1917,-44.8896
1918,-38.3931
1919,-35.0282
1920,-27.9184
1921,-21.654
1922,-18.4085
1923,-11.473
1924,-3.85289
1925,3.36867
1926,6.92981
1927,13.7668
1928,20.3862
1929,24.1225
1930,31.2647
1931,38.8587
1932,44.6341
1933,48.3039
1934,55.2277
1935,61.0648
1936,64.3402
1937,69.9525
1938,75.2163
1939,79.7993
1940,81.7811
1941,86.1271
1942,89.3595
1943,92.0445
1944,93.1817
1945,95.7062
1946,96.8063
1947,97.6024
1948,97.9755
1949,98.3624
1950,98.4488
1951,98.5047
1952,98.4212
1953,98.9253
1954,98.8256
1955,98.6022
1956,98.4208
1957,98.3495
1958,98.2648
1959,98.2441
1960,98.2282
1961,98.2254
1962,98.2509
1963,98.3187
1964,98.1506
1965,97.3944
1966,96.8201
1967,96.6289
1968,96.5668
1969,96.4228
1970,96.1769
1971,95.8578
1972,95.7294
1973,95.4092
1974,95.1378
1975,94.8888
1976,94.2195
1977,93.968
1978,93.8714
1979,93.8333
1980,93.7717
1981,NaN
1982,NaN
1983,NaN
1984,NaN
1985,NaN
1986,NaN
1987,NaN
1988,NaN
1989,NaN
1990,NaN
1991,NaN
1992,NaN
1993,NaN
1994,NaN
1995,NaN
1996,NaN
1997,NaN
1998,NaN
1999,NaN
2000,NaN
2001,NaN
2002,NaN
2003,NaN
2004,NaN
2005,NaN
2006,NaN
2007,NaN
2008,NaN
2009,NaN
2010,NaN
2011,NaN
2012,NaN
2013,NaN
2014,NaN
2015,NaN
2016,NaN
2017,NaN
2018,NaN
2019,NaN
2020,NaN
2021,NaN
2022,NaN
2023,NaN
2024,NaN
2025,NaN
2026,NaN
2027,NaN
2028,NaN
2029,NaN
2030,NaN
2031,NaN
2032,NaN
2033,NaN
2034,NaN
2035,NaN
2036,NaN
2037,NaN
2038,NaN
2039,NaN
2040,NaN
2041,NaN
2042,NaN
2043,NaN
2044,NaN
2045,NaN
2046,NaN
2047,NaN
2048,NaN
2049,NaN
2050,NaN
2051,NaN
2052,NaN
2053,NaN
2054,NaN
2055,NaN
2056,NaN
2057,NaN
2058,NaN
2059,NaN
2060,NaN
2061,NaN
2062,NaN
2063,NaN
2064,NaN
2065,NaN
2066,NaN
2067,NaN
2068,NaN
2069,NaN
2070,NaN
2071,NaN
2072,NaN
2073,NaN
2074,NaN
2075,NaN
2076,NaN
2077,NaN
2078,NaN
2079,NaN
2080,NaN
2081,NaN
2082,NaN
2083,NaN
2084,NaN
2085,NaN
2086,NaN
2087,NaN
2088,NaN
2089,NaN
2090,NaN
2091,NaN
2092,NaN
2093,NaN
2094,NaN
2095,NaN
2096,NaN
2097,NaN
2098,NaN
2099,NaN
2100,NaN
2101,NaN
2102,NaN
2103,NaN
2104,NaN
2105,NaN
2106,NaN
2107,NaN
2108,NaN
2109,NaN
2110,NaN
2111,NaN
2112,NaN
2113,NaN
2114,NaN
2115,NaN
2116,NaN
2117,NaN
2118,NaN
2119,NaN
2120,NaN
2121,NaN
2122,NaN
2123,NaN
2124,NaN
2125,NaN
2126,NaN
2127,NaN
2128,NaN
2129,NaN
2130,NaN
2131,NaN
2132,NaN
2133,NaN
2134,NaN
2135,NaN
2136,NaN
2137,NaN
2138,NaN
2139,NaN
2140,NaN
2141,NaN
2142,NaN
2143,NaN
2144,NaN
2145,NaN
2146,NaN
2147,NaN
2148,NaN
2149,NaN
2150,NaN
2151,NaN
2152,NaN
2153,NaN
2154,NaN
2155,NaN
2156,NaN
2157,NaN
2158,NaN
2159,NaN
2160,NaN
2161,-123.791
2162,-123.749
2163,-123.679
2164,-123.545
2165,-123.481
2166,-123.336
2167,-123.195
2168,-123.116
2169,-123.138
2170,-123.179
2171,-123.114
2172,-123.124
2173,-123.262
2174,-123.418
2175,-123.574
2176,-123.697
2177,-123.978
2178,-124.268
2179,-124.438
2180,-124.566
2181,-124.81
2182,-125.216
2183,-125.304
2184,-125.417
2185,-125.368
2186,-125.376
2187,-125.669
2188,-125.85
2189,-125.879
2190,-125.999
2191,-126.095
2192,-125.751
2193,-125.543
2194,-125.598
2195,-125.925
2196,-126.312
2197,-126.32
2198,-126.457
2199,-126.718
2200,-126.784
2201,-126.829
2202,-126.731
2203,-126.613
2204,-126.7
2205,-126.176
2206,-125.863
2207,-125.678
2208,-125.405
2209,-124.729
2210,-124.443
2211,-124.329
2212,-123.795
2213,-123.791
2214,-123.567
2215,-123.484
2216,-123.452
2217,-123.482
2218,-123.375
2219,-123.245
2220,-123.019
2221,-122.941
2222,-122.663
2223,-122.335
2224,-121.968
2225,-121.739
2226,-121.297
2227,-120.822
2228,-120.521
2229,-119.768
2230,-119.084
2231,-118.002
2232,-117.487
2233,-116.621
2234,-115.638
2235,-115.125
2236,-114.786
2237,-114.313
2238,-113.742
2239,-113.643
2240,-113.5
2241,-113.382
2242,-113.472
2243,-113.368
2244,-113.097
2245,-112.93
2246,-112.917
2247,-112.853
2248,-112.496
2249,-112.887
2250,-112.894
2251,-112.846
2252,-113.045
2253,-113.016
2254,-113.149
2255,-113.49
2256,-113.629
2257,-113.84
2258,-113.906
2259,-113.836
2260,-113.93
2261,-113.974
2262,-114.267
2263,-114.544
2264,-114.587
2265,-114.372
2266,-113.991
2267,-114.051
2268,-114.121
2269,-114.034
2270,-113.829
2271,-113.731
2272,-113.592
2273,-113.153
2274,-112.855
2275,-112.274
2276,-111.496
2277,-110.569
2278,-109.888
2279,-108.292
2280,-105.963
2281,-104.781
2282,-102.593
2283,-99.7786
2284,-96.3366
2285,-94.823
2286,-91.3788
2287,-87.8737
2288,-86.0573
2289,-81.838
2290,-77.8955
2291,-73.6205
2292,-71.3705
2293,-66.3456
2294,-61.266
2295,-59.0168
2296,-53.8579
2297,-48.6037
2298,-43.4383
2299,-40.8734
2300,-35.3661
2301,-29.774
2302,-26.9935
2303,-21.6005
2304,-16.3383
2305,-10.6196
2306,-7.71309
2307,-1.89501
2308,4.00957
2309,6.8423
2310,12.9441
2311,18.7798
2312,24.6196
2313,27.4135
2314,32.9544
2315,39.424
2316,42.1543
2317,47.388
2318,52.1588
2319,56.5028
2320,58.5587
2321,61.9581
2322,64.9414
2323,66.2642
2324,68.5298
2325,70.2562
2326,71.4504
2327,71.8623
2328,72.6646
2329,73.2545
2330,73.5707
2331,73.7092
2332,73.9009
2333,74.141
2334,74.1806
2335,74.2095
2336,74.175
2337,74.1251
2338,74.0082
2339,73.9613
2340,73.975
2341,NaN
2342,NaN
2343,NaN
2344,NaN
2345,NaN
2346,NaN
2347,NaN
2348,NaN
2349,NaN
2350,NaN
2351,NaN
2352,NaN
2353,NaN
2354,NaN
2355,NaN
2356,NaN
2357,NaN
2358,NaN
2359,NaN
2360,NaN
2361,NaN
2362,NaN
2363,NaN
2364,NaN
2365,NaN
2366,NaN
2367,NaN
2368,NaN
2369,NaN
2370,NaN
2371,NaN
2372,NaN
2373,NaN
2374,NaN
2375,NaN
2376,NaN
2377,NaN
2378,NaN
2379,NaN
2380,NaN
2381,NaN
2382,NaN
2383,NaN
2384,NaN
2385,NaN
2386,NaN
2387,NaN
2388,NaN
2389,NaN
2390,NaN
2391,NaN
2392,NaN
2393,NaN
2394,NaN
2395,NaN
2396,NaN
2397,NaN
2398,NaN
2399,NaN
2400,NaN
2401,NaN
2402,NaN
2403,NaN
2404,NaN
2405,NaN
2406,NaN
2407,NaN
2408,NaN
2409,NaN
2410,NaN
2411,NaN
2412,NaN
2413,NaN
2414,NaN
2415,NaN
2416,NaN
2417,NaN
2418,NaN
2419,NaN
2420,NaN
2421,NaN
2422,NaN
2423,NaN
2424,NaN
2425,NaN
2426,NaN
2427,NaN
2428,NaN
2429,NaN
2430,NaN
2431,NaN
2432,NaN
2433,NaN
2434,NaN
2435,NaN
2436,NaN
2437,NaN
2438,NaN
2439,NaN
2440,NaN
2441,NaN
2442,NaN
2443,NaN
2444,NaN
2445,NaN
2446,NaN
2447,NaN
2448,NaN
2449,NaN
2450,NaN
2451,NaN
2452,NaN
2453,NaN
2454,NaN
2455,NaN
2456,NaN
2457,NaN
2458,NaN
2459,NaN
2460,NaN
2461,NaN
2462,NaN
2463,NaN
2464,NaN
2465,NaN
2466,NaN
2467,NaN
2468,NaN
2469,NaN
2470,NaN
2471,NaN
2472,NaN
2473,NaN
2474,NaN
2475,NaN
2476,NaN
2477,NaN
2478,NaN
2479,NaN
2480,NaN
2481,NaN
2482,NaN
2483,NaN
2484,NaN
2485,NaN
2486,NaN
2487,NaN
2488,NaN
2489,NaN
2490,NaN
2491,NaN
2492,NaN
2493,NaN
2494,NaN
2495,NaN
2496,NaN
2497,NaN
2498,NaN
2499,NaN
2500,NaN
2501,NaN
2502,NaN
2503,NaN
2504,NaN
2505,NaN
2506,NaN
2507,NaN
2508,NaN
2509,NaN
2510,NaN
2511,NaN
2512,NaN
2513,NaN
2514,NaN
2515,NaN
2516,NaN
2517,NaN
2518,NaN
2519,NaN
2520,NaN
2521,-22.4008
2522,-22.1511
2523,-21.9057
2524,-21.7645
2525,-21.4726
2526,-21.2386
2527,-21.0821
2528,-20.8057
2529,-20.6135
2530,-20.3976
2531,-20.2783
2532,-20.1255
2533,-19.9905
2534,-19.9094
2535,-19.7706
2536,-19.6877
2537,-19.6195
2538,-19.5495
2539,-19.4398
2540,-19.3261
2541,-19.4066
2542,-20.066
2543,-20.003
2544,-20.2487
2545,-20.9554
2546,-21.207
2547,-22.1004
2548,-21.7242
2549,-21.7071
2550,-21.8773
2551,-22.1707
2552,-22.434
2553,-22.9748
2554,-24.0795
2555,-24.8828
2556,-25.8221
2557,-26.2355
2558,-27.2306
2559,-28.4088
2560,-29.4974
2561,-30.5504
2562,-31.6815
2563,-32.9444
2564,-33.6963
2565,-35.2575
2566,-36.9131
2567,-38.5986
2568,-39.8319
2569,-41.1129
2570,-42.556
2571,-43.3315
2572,-44.7874
2573,-46.5845
2574,-48.9806
2575,-52.2803
2576,-54.22
2577,-54.7807
2578,-56.0881
2579,-57.4718
2580,-58.7527
2581,-59.9506
2582,-61.0644
2583,-62.4445
2584,-62.8809
2585,-63.8845
2586,-64.8497
2587,-65.6702
2588,-66.3655
2589,-67.3518
2590,-67.8673
2591,-68.5671
2592,-69.4268
2593,-69.8913
2594,-70.4149
2595,-71.2526
2596,-71.563
2597,-71.9966
2598,-72.2477
2599,-72.9423
2600,-73.1751
2601,-73.2436
2602,-73.3698
2603,-72.9876
2604,-72.8554
2605,-72.7774
2606,-72.4095
2607,-72.0163
2608,-71.6514
2609,-71.258
2610,-71.1583
2611,-70.8511
2612,-70.4368
2613,-70.7224
2614,-70.7545
2615,-70.7159
2616,-70.2147
2617,-69.802
2618,-69.7099
2619,-69.1789
2620,-68.9121
2621,-68.1619
2622,-67.307
2623,-66.8762
2624,-66.0219
2625,-65.6198
2626,-65.2278
2627,-64.9763
2628,-64.9972
2629,-65.0191
2630,-65.0429
2631,-65.1406
2632,-65.3594
2633,-65.5928
2634,-65.7916
2635,-66.2548
2636,-66.4843
2637,-66.6333
2638,-67.0586
2639,-67.2718
2640,-67.7192
2641,-68.0091
2642,-68.1878
2643,-68.3614
2644,-68.3596
2645,-68.3831
2646,-68.1953
2647,-68.8266
2648,-69.0368
2649,-69.3236
2650,-69.2133
2651,-69.4404
2652,-69.9297
2653,-69.9852
2654,-70.2837
2655,-70.2706
2656,-70.2735
2657,-70.3433
2658,-70.4055
2659,-70.577
2660,-70.6591
2661,-70.6823
2662,-70.7064
2663,-70.7379
2664,-70.8566
2665,-70.9686
2666,-71.0163
2667,-71.0403
2668,-70.9919
2669,-70.0476
2670,-68.7535
2671,-64.4435
2672,-61.1097
2673,-57.5834
2674,-53.0334
2675,-50.8952
2676,-46.4999
2677,-42.0305
2678,-37.1929
2679,-32.0415
2680,-26.6879
2681,-21.6607
2682,-18.9013
2683,-13.1779
2684,-7.55715
2685,-2.32451
2686,3.11934
2687,8.53111
2688,11.5223
2689,17.3447
2690,28.5983
2691,NaN
2692,NaN
2693,NaN
2694,NaN
2695,NaN
2696,NaN
2697,NaN
2698,NaN
2699,NaN
2700,NaN
2701,NaN
2702,NaN
2703,NaN
2704,NaN
2705,NaN
2706,NaN
2707,NaN
2708,NaN
2709,NaN
2710,NaN
2711,NaN
2712,NaN
2713,NaN
2714,NaN
2715,NaN
2716,NaN
2717,NaN
2718,NaN
2719,NaN
2720,NaN
2721,NaN
2722,NaN
2723,NaN
2724,NaN
2725,NaN
2726,NaN
2727,NaN
2728,NaN
2729,NaN
2730,NaN
2731,NaN
2732,NaN
2733,NaN
2734,NaN
2735,NaN
2736,NaN
2737,NaN
2738,NaN
2739,NaN
2740,NaN
2741,NaN
2742,NaN
2743,NaN
2744,NaN
2745,NaN
2746,NaN
2747,NaN
2748,NaN
2749,NaN
2750,NaN
2751,NaN
2752,NaN
2753,NaN
2754,NaN
2755,NaN
2756,NaN
2757,NaN
2758,NaN
2759,NaN
2760,NaN
2761,NaN
2762,NaN
2763,NaN
2764,NaN
2765,NaN
2766,NaN
2767,NaN
2768,NaN
2769,NaN
2770,NaN
2771,NaN
2772,NaN
2773,NaN
2774,NaN
2775,NaN
2776,NaN
2777,NaN
2778,NaN
2779,NaN
2780,NaN
2781,NaN
2782,NaN
2783,NaN
2784,NaN
2785,NaN
2786,NaN
2787,NaN
2788,NaN
2789,NaN
2790,NaN
2791,NaN
2792,NaN
2793,NaN
2794,NaN
2795,NaN
2796,NaN
2797,NaN
2798,NaN
2799,NaN
2800,NaN
2801,NaN
2802,NaN
2803,NaN
2804,NaN
2805,NaN
2806,NaN
2807,NaN
2808,NaN
2809,NaN
2810,NaN
2811,NaN
2812,NaN
2813,NaN
2814,NaN
2815,NaN
2816,NaN
2817,NaN
2818,NaN
2819,NaN
2820,NaN
2821,NaN
2822,NaN
2823,NaN
2824,NaN
2825,NaN
2826,NaN
2827,NaN
2828,NaN
2829,NaN
2830,NaN
2831,NaN
2832,NaN
2833,NaN
2834,NaN
2835,NaN
2836,NaN
2837,NaN
2838,NaN
2839,NaN
2840,NaN
2841,NaN
2842,NaN
2843,NaN
2844,NaN
2845,NaN
2846,NaN
2847,NaN
2848,NaN
2849,NaN
2850,NaN
2851,NaN
2852,NaN
2853,NaN
2854,NaN
2855,NaN
2856,NaN
2857,NaN
2858,NaN
2859,NaN
2860,NaN
2861,NaN
2862,NaN
2863,NaN
2864,NaN
2865,NaN
2866,NaN
2867,NaN
2868,NaN
2869,NaN
2870,NaN
2871,NaN
2872,NaN
2873,NaN
2874,NaN
2875,NaN
2876,NaN
2877,NaN
2878,NaN
2879,NaN
2880,NaN
2881,-85.6431
2882,-85.6588
2883,-85.6632
2884,-85.7076
2885,-85.7424
2886,-85.7948
2887,-85.8505
2888,-85.8745
2889,-85.8905
2890,-85.886
2891,-85.878
2892,-85.561
2893,-85.3794
2894,-85.0757
2895,-84.9235
2896,-84.8956
2897,-84.9568
2898,-85.1152
2899,-85.106
2900,-84.3202
2901,-84.1245
2902,-83.724
2903,-83.184
2904,-82.817
2905,-82.6855
2906,-82.9409
2907,-83.5845
2908,-84.0119
2909,-84.4302
2910,-85.3764
2911,-85.7927
2912,-86.1457
2913,-86.1455
2914,-86.007
2915,-86.3609
2916,-87.2813
2917,-87.6049
2918,-87.9647
2919,-88.3519
2920,-88.9961
2921,-89.6444
2922,-89.8523
2923,-90.7326
2924,-91.1408
2925,-91.852
2926,-92.1395
2927,-92.5598
2928,-92.7017
2929,-93.1769
2930,-93.5085
2931,-94.0051
2932,-94.4909
2933,-95.468
2934,-96.1357
2935,-97.2285
2936,-97.7852
2937,-98.4233
2938,-98.8373
2939,-99.4974
2940,-99.928
2941,-100.046
2942,-99.9845
2943,-99.8579
2944,-98.6037
2945,-98.162
2946,-97.3742
2947,-97.1006
2948,-96.3343
2949,-95.5308
2950,-94.8677
2951,-94.5515
2952,-94.094
2953,-93.6073
2954,-93.6157
2955,-93.202
2956,-93.2709
2957,-93.0337
2958,-93.3976
2959,-93.8496
2960,-93.884
2961,-94.4203
2962,-94.0973
2963,-93.7682
2964,-94.501
2965,-95.6216
2966,-95.6029
2967,-95.9124
2968,-95.9892
2969,-96.5687
2970,-97.5264
2971,-97.5299
2972,-97.8439
2973,-98.0301
2974,-98.6128
2975,-99.7523
2976,-100.881
2977,-101.036
2978,-102.34
2979,-102.629
2980,-101.966
2981,-102.386
2982,-102.933
2983,-104.008
2984,-103.796
2985,-103.534
2986,-103.688
2987,-103.611
2988,-103.946
2989,-104.022
2990,-104.292
2991,-104.453
2992,-104.647
2993,-105.197
2994,-105.901
2995,-106.065
2996,-106.266
2997,-106.454
2998,-106.871
2999,-107.499
3000,-107.855
3001,-107.967
3002,-108.211
3003,-108.417
3004,-108.494
3005,-108.075
3006,-107.607
3007,-107.202
3008,-106.676
3009,-105.748
3010,-103.037
3011,-101.265
3012,-99.2668
3013,-95.7127
3014,-90.0031
3015,-86.6958
3016,-85.406
3017,-83.2869
3018,-80.5021
3019,-80.0197
3020,-80.9855
3021,-80.308
3022,-75.5338
3023,-69.9486
3024,-64.8635
3025,-61.2804
3026,-57.2727
3027,-55.5678
3028,-52.2291
3029,-49.1696
3030,-45.7404
3031,-42.8383
3032,-40.7471
3033,-40.0199
3034,-35.8533
3035,-32.676
3036,-29.5684
3037,-26.4674
3038,-23.8685
3039,-19.2718
3040,-15.8748
3041,-14.0193
3042,-11.4323
3043,-7.73909
3044,-4.70265
3045,-1.4215
3046,0.125361
3047,3.741
3048,6.83317
3049,9.33679
3050,12.5699
3051,14.633
3052,17.2092
3053,18.7246
3054,NaN
3055,NaN
3056,NaN
3057,NaN
3058,NaN
3059,NaN
3060,NaN
3061,NaN
3062,NaN
3063,NaN
3064,NaN
3065,NaN
3066,NaN
3067,NaN
3068,NaN
3069,NaN
3070,NaN
3071,NaN
3072,NaN
3073,NaN
3074,NaN
3075,NaN
3076,NaN
3077,NaN
3078,NaN
3079,NaN
3080,NaN
3081,NaN
3082,NaN
3083,NaN
3084,NaN
3085,NaN
3086,NaN
3087,NaN
3088,NaN
3089,NaN
3090,NaN
3091,NaN
3092,NaN
3093,NaN
3094,NaN
3095,NaN
3096,NaN
3097,NaN
3098,NaN
3099,NaN
3100,NaN
3101,NaN
3102,NaN
3103,NaN
3104,NaN
3105,NaN
3106,NaN
3107,NaN
3108,NaN
3109,NaN
3110,NaN
3111,NaN
3112,NaN
3113,NaN
3114,NaN
3115,NaN
3116,NaN
3117,NaN
3118,NaN
3119,NaN
3120,NaN
3121,NaN
3122,NaN
3123,NaN
3124,NaN
3125,NaN
3126,NaN
3127,NaN
3128,NaN
3129,NaN
3130,NaN
3131,NaN
3132,NaN
3133,NaN
3134,NaN
3135,NaN
3136,NaN
3137,NaN
3138,NaN
3139,NaN
3140,NaN
3141,NaN
3142,NaN
3143,NaN
3144,NaN
3145,NaN
3146,NaN
3147,NaN
3148,NaN
3149,NaN
3150,NaN
3151,NaN
3152,NaN
3153,NaN
3154,NaN
3155,NaN
3156,NaN
3157,NaN
3158,NaN
3159,NaN
3160,NaN
3161,NaN
3162,NaN
3163,NaN
3164,NaN
3165,NaN
3166,NaN
3167,NaN
3168,NaN
3169,NaN
3170,NaN
3171,NaN
3172,NaN
3173,NaN
3174,NaN
3175,NaN
3176,NaN
3177,NaN
3178,NaN
3179,NaN
3180,NaN
3181,NaN
3182,NaN
3183,NaN
3184,NaN
3185,NaN
3186,NaN
3187,NaN
3188,NaN
3189,NaN
3190,NaN
3191,NaN
3192,NaN
3193,NaN
3194,NaN
3195,NaN
3196,NaN
3197,NaN
3198,NaN
3199,NaN
3200,NaN
3201,NaN
3202,NaN
3203,NaN
3204,NaN
3205,NaN
3206,NaN
3207,NaN
3208,NaN
3209,NaN
3210,NaN
3211,NaN
3212,NaN
3213,NaN
3214,NaN
3215,NaN
3216,NaN
3217,NaN
3218,NaN
3219,NaN
3220,NaN
3221,NaN
3222,NaN
3223,NaN
3224,NaN
3225,NaN
3226,NaN
3227,NaN
3228,NaN
3229,NaN
3230,NaN
3231,NaN
3232,NaN
3233,NaN
3234,NaN
3235,NaN
3236,NaN
3237,NaN
3238,NaN
3239,NaN
3240,NaN
3241,-42.2224
3242,-42.185
3243,-42.1427
3244,-42.1048
3245,-42.0733
3246,-42.0586
3247,-42.0373
3248,-42.0213
3249,-41.9832
3250,-41.9125
3251,-41.8973
3252,-41.8528
3253,-41.8353
3254,-41.7805
3255,-41.7479
3256,-41.7217
3257,-41.7019
3258,-41.6958
3259,-41.6923
3260,-41.6864
3261,-41.6903
3262,-41.7528
3263,-41.7841
3264,-41.8954
3265,-42.0329
3266,-42.1643
3267,-42.6279
3268,-43.1721
3269,-44.4298
3270,-44.9203
3271,-45.8943
3272,-46.8704
3273,-47.7834
3274,-48.7313
3275,-49.8158
3276,-51.1097
3277,-52.0116
3278,-53.481
3279,-55.2563
3280,-57.9929
3281,-60.4744
3282,-62.9555
3283,-64.2111
3284,-66.325
3285,-68.5832
3286,-70.9117
3287,-72.9381
3288,-74.2242
3289,-77.0182
3290,-79.4244
3291,-81.4608
3292,-83.549
3293,-85.5536
3294,-87.6588
3295,-89.7999
3296,-91.5823
3297,-92.4008
3298,-93.9766
3299,-95.4375
3300,-96.7157
3301,-97.9826
3302,-99.9274
3303,-100.713
3304,-101.087
3305,-101.836
3306,-102.296
3307,-102.634
3308,-102.891
3309,-103.124
3310,-103.21
3311,-103.279
3312,-103.28
3313,-103.254
3314,-103.163
3315,-103.008
3316,-102.8
3317,-102.715
3318,-102.546
3319,-102.399
3320,-102.289
3321,-102.188
3322,-102.078
3323,-102.075
3324,-101.962
3325,-101.904
3326,-101.852
3327,-101.758
3328,-101.561
3329,-101.433
3330,-101.438
3331,-101.421
3332,-101.542
3333,-101.694
3334,-101.845
3335,-101.955
3336,-101.994
3337,-102.416
3338,-102.695
3339,-102.783
3340,-102.255
3341,-101.531
3342,-100.99
3343,-100.694
3344,-100.012
3345,-99.4877
3346,-99.2603
3347,-98.8951
3348,-98.7551
3349,-98.5309
3350,-98.1365
3351,-98.2213
3352,-98.173
3353,-98.0469
3354,-97.8735
3355,-97.2891
3356,-96.8608
3357,-96.3271
3358,-95.8372
3359,-94.5639
3360,-91.245
3361,-88.9124
3362,-87.4182
3363,-85.8013
3364,-84.7357
3365,-82.6634
3366,-80.1356
3367,-77.7357
3368,-74.7347
3369,-72.5721
3370,-69.9174
3371,-68.7485
3372,-65.5784
3373,-59.8515
3374,-56.3967
3375,-52.7093
3376,-49.4266
3377,-44.5439
3378,-41.2773
3379,-37.3721
3380,-32.8929
3381,-27.6162
3382,-19.9509
3383,-12.7616
3384,-10.5691
3385,-4.39472
3386,-1.57244
3387,0.561582
3388,1.21361
3389,4.55556
3390,20.083
3391,26.8051
3392,29.3941
3393,29.5431
3394,29.5262
3395,33.0979
3396,35.7786
3397,37.1867
3398,37.1478
3399,39.8663
3400,42.8442
3401,46.0408
3402,47.3707
3403,51.0099
3404,53.611
3405,59.8113
3406,62.3022
3407,62.4549
3408,62.4574
3409,NaN
3410,NaN
3411,NaN
3412,NaN
3413,NaN
3414,NaN
3415,NaN
3416,NaN
3417,NaN
3418,NaN
3419,NaN
3420,NaN
3421,NaN
3422,NaN
3423,NaN
3424,NaN
3425,NaN
3426,NaN
3427,NaN
3428,NaN
3429,NaN
3430,NaN
3431,NaN
3432,NaN
3433,NaN
3434,NaN
3435,NaN
3436,NaN
3437,NaN
3438,NaN
3439,NaN
3440,NaN
3441,NaN
3442,NaN
3443,NaN
3444,NaN
3445,NaN
3446,NaN
3447,NaN
3448,NaN
3449,NaN
3450,NaN
3451,NaN
3452,NaN
3453,NaN
3454,NaN
3455,NaN
3456,NaN
3457,NaN
3458,NaN
3459,NaN
3460,NaN
3461,NaN
3462,NaN
3463,NaN
3464,NaN
3465,NaN
3466,NaN
3467,NaN
3468,NaN
3469,NaN
3470,NaN
3471,NaN
3472,NaN
3473,NaN
3474,NaN
3475,NaN
3476,NaN
3477,NaN
3478,NaN
3479,NaN
3480,NaN
3481,NaN
3482,NaN
3483,NaN
3484,NaN
3485,NaN
3486,NaN
3487,NaN
3488,NaN
3489,NaN
3490,NaN
3491,NaN
3492,NaN
3493,NaN
3494,NaN
3495,NaN
3496,NaN
3497,NaN
3498,NaN
3499,NaN
3500,NaN
3501,NaN
3502,NaN
3503,NaN
3504,NaN
3505,NaN
3506,NaN
3507,NaN
3508,NaN
3509,NaN
3510,NaN
3511,NaN
3512,NaN
3513,NaN
3514,NaN
3515,NaN
3516,NaN
3517,NaN
3518,NaN
3519,NaN
3520,NaN
3521,NaN
3522,NaN
3523,NaN
3524,NaN
3525,NaN
3526,NaN
3527,NaN
3528,NaN
3529,NaN
3530,NaN
3531,NaN
3532,NaN
3533,NaN
3534,NaN
3535,NaN
3536,NaN
3537,NaN
3538,NaN
3539,NaN
3540,NaN
3541,NaN
3542,NaN
3543,NaN
3544,NaN
3545,NaN
3546,NaN
3547,NaN
3548,NaN
3549,NaN
3550,NaN
3551,NaN
3552,NaN
3553,NaN
3554,NaN
3555,NaN
3556,NaN
3557,NaN
3558,NaN
3559,NaN
3560,NaN
3561,NaN
3562,NaN
3563,NaN
3564,NaN
3565,NaN
3566,NaN
3567,NaN
3568,NaN
3569,NaN
3570,NaN
3571,NaN
3572,NaN
3573,NaN
3574,NaN
3575,NaN
3576,NaN
3577,NaN
3578,NaN
3579,NaN
3580,NaN
3581,NaN
3582,NaN
3583,NaN
3584,NaN
3585,NaN
3586,NaN
3587,NaN
3588,NaN
3589,NaN
3590,NaN
3591,NaN
3592,NaN
3593,NaN
3594,NaN
3595,NaN
3596,NaN
3597,NaN
3598,NaN
3599,NaN
3600,NaN
3601,-74.3819
3602,-74.4054
3603,-74.427
3604,-74.682
3605,-74.9156
3606,-75.1952
3607,-75.3809
3608,-75.3017
3609,-75.2444
3610,-75.0589
3611,-74.9518
3612,-74.9278
3613,-74.9001
3614,-74.7662
3615,-74.7889
3616,-74.8033
3617,-74.8265
3618,-74.8431
3619,-74.8607
3620,-74.8548
3621,-74.8595
3622,-74.8863
3623,-74.8985
3624,-74.943
3625,-74.9454
3626,-74.9433
3627,-74.951
3628,-74.9251
3629,-74.8752
3630,-74.7669
3631,-74.7086
3632,-74.7894
3633,-74.8242
3634,-75.1895
3635,-75.5133
3636,-75.506
3637,-75.4793
3638,-75.1342
3639,-75.0163
3640,-74.8498
3641,-75.0711
3642,-75.0385
3643,-75.6843
3644,-75.6953
3645,-76.6069
3646,-76.9085
3647,-76.9647
3648,-76.8633
3649,-76.7941
3650,-78.8124
3651,-78.9852
3652,-78.3936
3653,-78.3249
3654,-78.3004
3655,-78.1835
3656,-78.5608
3657,-78.6817
3658,-78.6646
3659,-78.6976
3660,-78.4587
3661,-78.4337
3662,-78.4708
3663,-77.6419
3664,-76.5607
3665,-76.3239
3666,-75.6346
3667,-74.7824
3668,-74.3056
3669,-75.4374
3670,-75.3202
3671,-74.498
3672,-74.299
3673,-73.9013
3674,-73.7944
3675,-73.8219
3676,-72.6462
3677,-72.1325
3678,-73.311
3679,-73.6044
3680,-71.6747
3681,-70.8198
3682,-71.6969
3683,-72.4698
3684,-72.9952
3685,-73.0213
3686,-73.5846
3687,-72.9753
3688,-73.4072
3689,-73.6913
3690,-73.6876
3691,-73.1576
3692,-74.428
3693,-75.9673
3694,-75.8938
3695,-76.9504
3696,-77.1717
3697,-73.8602
3698,-72.17
3699,-72.487
3700,-71.626
3701,-72.0838
3702,-72.1277
3703,-72.2284
3704,-73.1717
3705,-73.1875
3706,-71.855
3707,-71.8657
3708,-72.4238
3709,-71.7584
3710,-71.9373
3711,-72.149
3712,-71.636
3713,-71.1614
3714,-71.0522
3715,-70.9418
3716,-71.2069
3717,-70.6454
3718,-70.6984
3719,-71.6741
3720,-71.5372
3721,-71.1038
3722,-70.4763
3723,-69.9045
3724,-68.7216
3725,-68.441
3726,-68.2281
3727,-68.5678
3728,-68.7024
3729,-69.0434
3730,-68.216
3731,-68.0194
3732,-67.9061
3733,-67.9732
3734,-67.8989
3735,-67.31
3736,-67.0432
3737,-66.7343
3738,-66.5093
3739,-66.4121
3740,-66.0889
3741,-65.5104
3742,-65.217
3743,-64.7783
3744,-63.8672
3745,-62.4831
3746,-61.3493
3747,-59.5379
3748,-57.3694
3749,-56.0688
3750,-52.8046
3751,-48.8038
3752,-44.7103
3753,-42.2148
3754,-37.0357
3755,-31.533
3756,-26.7367
3757,-24.9329
3758,-19.8691
3759,-14.5633
3760,-11.5661
3761,-5.37798
3762,0.679343
3763,3.75376
3764,10.1218
3765,16.6471
3766,23.8834
3767,26.7217
3768,33.4661
3769,39.2026
3770,46.4714
3771,48.5212
3772,55.6008
3773,61.8547
3774,64.407
3775,71.0257
3776,77.1193
3777,79.7055
3778,81.4924
3779,86.4692
3780,90.518
3781,NaN
3782,NaN
3783,NaN
3784,NaN
3785,NaN
3786,NaN
3787,NaN
3788,NaN
3789,NaN
3790,NaN
3791,NaN
3792,NaN
3793,NaN
3794,NaN
3795,NaN
3796,NaN
3797,NaN
3798,NaN
3799,NaN
3800,NaN
3801,NaN
3802,NaN
3803,NaN
3804,NaN
3805,NaN
3806,NaN
3807,NaN
3808,NaN
3809,NaN
3810,NaN
3811,NaN
3812,NaN
3813,NaN
3814,NaN
3815,NaN
3816,NaN
3817,NaN
3818,NaN
3819,NaN
3820,NaN
3821,NaN
3822,NaN
3823,NaN
3824,NaN
3825,NaN
3826,NaN
3827,NaN
3828,NaN
3829,NaN
3830,NaN
3831,NaN
3832,NaN
3833,NaN
3834,NaN
3835,NaN
3836,NaN
3837,NaN
3838,NaN
3839,NaN
3840,NaN
3841,NaN
3842,NaN
3843,NaN
3844,NaN
3845,NaN
3846,NaN
3847,NaN
3848,NaN
3849,NaN
3850,NaN
3851,NaN
3852,NaN
3853,NaN
3854,NaN
3855,NaN
3856,NaN
3857,NaN
3858,NaN
3859,NaN
3860,NaN
3861,NaN
3862,NaN
3863,NaN
3864,NaN
3865,NaN
3866,NaN
3867,NaN
3868,NaN
3869,NaN
3870,NaN
3871,NaN
3872,NaN
3873,NaN
3874,NaN
3875,NaN
3876,NaN
3877,NaN
3878,NaN
3879,NaN
3880,NaN
3881,NaN
3882,NaN
3883,NaN
3884,NaN
3885,NaN
3886,NaN
3887,NaN
3888,NaN
3889,NaN
3890,NaN
3891,NaN
3892,NaN
3893,NaN
3894,NaN
3895,NaN
3896,NaN
3897,NaN
3898,NaN
3899,NaN
3900,NaN
3901,NaN
3902,NaN
3903,NaN
3904,NaN
3905,NaN
3906,NaN
3907,NaN
3908,NaN
3909,NaN
3910,NaN
3911,NaN
3912,NaN
3913,NaN
3914,NaN
3915,NaN
3916,NaN
3917,NaN
3918,NaN
3919,NaN
3920,NaN
3921,NaN
3922,NaN
3923,NaN
3924,NaN
3925,NaN
3926,NaN
3927,NaN
3928,NaN
3929,NaN
3930,NaN
3931,NaN
3932,NaN
3933,NaN
3934,NaN
3935,NaN
3936,NaN
3937,NaN
3938,NaN
3939,NaN
3940,NaN
3941,NaN
3942,NaN
3943,NaN
3944,NaN
3945,NaN
3946,NaN
3947,NaN
3948,NaN
3949,NaN
3950,NaN
3951,NaN
3952,NaN
3953,NaN
3954,NaN
3955,NaN
3956,NaN
3957,NaN
3958,NaN
3959,NaN
3960,NaN
3961,-52.0126
3962,-51.9678
3963,-51.9214
3964,-51.8851
3965,-51.9139
3966,-51.8788
3967,-51.8661
3968,-51.8391
3969,-51.9016
3970,-51.8223
3971,-51.693
3972,-51.6205
3973,-51.4719
3974,-51.399
3975,-51.2843
3976,-51.2088
3977,-51.2048
3978,-51.2041
3979,-51.2328
3980,-51.3053
3981,-51.3688
3982,-51.3744
3983,-51.4155
3984,-51.365
3985,-51.2865
3986,-51.2381
3987,-51.3162
3988,-51.4893
3989,-51.5664
3990,-52.0031
3991,-52.0243
3992,-52.4228
3993,-52.6831
3994,-52.984
3995,-52.843
3996,-52.8382
3997,-52.5428
3998,-52.0365
3999,-51.6048
4000,-51.5015
4001,-50.9901
4002,-50.7642
4003,-50.7425
4004,-49.6408
4005,-49.5763
4006,-49.5922
4007,-49.4237
4008,-49.0276
4009,-47.7478
4010,-47.6534
4011,-48.4568
4012,-49.2358
4013,-50.1826
4014,-50.6571
4015,-51.5525
4016,-52.1533
4017,-52.4647
4018,-52.6411
4019,-52.8271
4020,-53.036
4021,-53.0992
4022,-53.1797
4023,-53.2284
4024,-53.2367
4025,-53.342
4026,-53.4924
4027,-53.5282
4028,-53.4378
4029,-53.2341
4030,-52.9101
4031,-52.4637
4032,-52.1692
4033,-51.9657
4034,-51.6773
4035,-51.5275
4036,-52.4932
4037,-52.4147
4038,-52.4971
4039,-53.4686
4040,-53.5452
4041,-52.4732
4042,-51.8075
4043,-52.0927
4044,-50.2122
4045,-49.3067
4046,-48.866
4047,-48.8206
4048,-48.1299
4049,-48.0215
4050,-47.8405
4051,-47.8626
4052,-48.567
4053,-48.3346
4054,-47.6814
4055,-47.7146
4056,-47.2394
4057,-46.0811
4058,-44.8697
4059,-46.0108
4060,-46.3669
4061,-46.4183
4062,-47.1843
4063,-47.4105
4064,-47.614
4065,-47.9344
4066,-48.8765
4067,-48.6469
4068,-48.6054
4069,-48.7585
4070,-48.6011
4071,-48.8269
4072,-48.9069
4073,-48.9021
4074,-48.6991
4075,-48.5514
4076,-48.3647
4077,-48.4482
4078,-48.2633
4079,-48.1563
4080,-47.9723
4081,-47.4228
4082,-46.7325
4083,-45.8824
4084,-45.3672
4085,-44.0951
4086,-42.2153
4087,-40.2118
4088,-38.1023
4089,-36.8385
4090,-33.9136
4091,-30.654
4092,-27.007
4093,-25.295
4094,-21.2904
4095,-17.3123
4096,-13.0676
4097,-9.03213
4098,-7.17896
4099,-3.2857
4100,1.13084
4101,5.54503
4102,9.4815
4103,11.3848
4104,16.4381
4105,20.8144
4106,24.4329
4107,26.3825
4108,31.5428
4109,36.088
4110,40.75
4111,46.0792
4112,49.2128
4113,54.3696
4114,61.115
4115,69.6363
4116,74.1901
4117,78.1889
4118,82.8016
4119,84.9378
4120,88.4444
4121,92.0552
4122,95.2991
4123,98.2111
4124,99.6687
4125,102.68
4126,105.29
4127,107.684
4128,109.914
4129,110.965
4130,112.433
4131,113.992
4132,115.065
4133,115.465
4134,116.11
4135,116.664
4136,117.067
4137,117.296
4138,NaN
4139,NaN
4140,NaN
4141,NaN
4142,NaN
4143,NaN
4144,NaN
4145,NaN
4146,NaN
4147,NaN
4148,NaN
4149,NaN
4150,NaN
4151,NaN
4152,NaN
4153,NaN
4154,NaN
4155,NaN
4156,NaN
4157,NaN
4158,NaN
4159,NaN
4160,NaN
4161,NaN
4162,NaN
4163,NaN
4164,NaN
4165,NaN
4166,NaN
4167,NaN
4168,NaN
4169,NaN
4170,NaN
4171,NaN
4172,NaN
4173,NaN
4174,NaN
4175,NaN
4176,NaN
4177,NaN
4178,NaN
4179,NaN
4180,NaN
4181,NaN
4182,NaN
4183,NaN
4184,NaN
4185,NaN
4186,NaN
4187,NaN
4188,NaN
4189,NaN
4190,NaN
4191,NaN
4192,NaN
4193,NaN
4194,NaN
4195,NaN
4196,NaN
4197,NaN
4198,NaN
4199,NaN
4200,NaN
4201,NaN
4202,NaN
4203,NaN
4204,NaN
4205,NaN
4206,NaN
4207,NaN
4208,NaN
4209,NaN
4210,NaN
4211,NaN
4212,NaN
4213,NaN
4214,NaN
4215,NaN
4216,NaN
4217,NaN
4218,NaN
4219,NaN
4220,NaN
4221,NaN
4222,NaN
4223,NaN
4224,NaN
4225,NaN
4226,NaN
4227,NaN
4228,NaN
4229,NaN
4230,NaN
4231,NaN
4232,NaN
4233,NaN
4234,NaN
4235,NaN
4236,NaN
4237,NaN
4238,NaN
4239,NaN
4240,NaN
4241,NaN
4242,NaN
4243,NaN
4244,NaN
4245,NaN
4246,NaN
4247,NaN
4248,NaN
4249,NaN
4250,NaN
4251,NaN
4252,NaN
4253,NaN
4254,NaN
4255,NaN
4256,NaN
4257,NaN
4258,NaN
4259,NaN
4260,NaN
4261,NaN
4262,NaN
4263,NaN
4264,NaN
4265,NaN
4266,NaN
4267,NaN
4268,NaN
4269,NaN
4270,NaN
4271,NaN
4272,NaN
4273,NaN
4274,NaN
4275,NaN
4276,NaN
4277,NaN
4278,NaN
4279,NaN
4280,NaN
4281,NaN
4282,NaN
4283,NaN
4284,NaN
4285,NaN
4286,NaN
4287,NaN
4288,NaN
4289,NaN
4290,NaN
4291,NaN
4292,NaN
4293,NaN
4294,NaN
4295,NaN
4296,NaN
4297,NaN
4298,NaN
4299,NaN
4300,NaN
4301,NaN
4302,NaN
4303,NaN
4304,NaN
4305,NaN
4306,NaN
4307,NaN
4308,NaN
4309,NaN
4310,NaN
4311,NaN
4312,NaN
4313,NaN
4314,NaN
4315,NaN
4316,NaN
4317,NaN
4318,NaN
4319,NaN
4320,NaN
4321,-35.1048
4322,-35.0838
4323,-35.0683
4324,-35.0534
4325,-35.0403
4326,-35.0298
4327,-35.0169
4328,-35.0129
4329,-35.0103
4330,-35.0024
4331,-34.9966
4332,-34.9927
4333,-34.9923
4334,-34.9952
4335,-35.0088
4336,-35.0348
4337,-35.0619
4338,-35.1023
4339,-35.0545
4340,-34.9324
4341,-34.9667
4342,-34.9341
4343,-34.9523
4344,-35.1535
4345,-35.5769
4346,-36.1362
4347,-36.1983
4348,-36.5332
4349,-36.9924
4350,-37.5435
4351,-38.1457
4352,-38.9231
4353,-39.6751
4354,-39.8811
4355,-40.1408
4356,-40.5635
4357,-40.861
4358,-42.0801
4359,-43.137
4360,-43.2672
4361,-44.4525
4362,-45.4929
4363,-46.1083
4364,-46.3968
4365,-47.3982
4366,-47.9299
4367,-48.5123
4368,-50.0291
4369,-51.7027
4370,-53.0378
4371,-54.4084
4372,-55.9298
4373,-57.4591
4374,-58.0089
4375,-59.8126
4376,-61.1538
4377,-62.1274
4378,-63.2864
4379,-63.856
4380,-64.7426
4381,-65.3764
4382,-65.5248
4383,-65.531
4384,-62.0685
4385,-61.8498
4386,-61.2317
4387,-60.9426
4388,-60.6554
4389,-59.4321
4390,-58.6408
4391,-58.1453
4392,-57.7709
4393,-57.818
4394,-58.1112
4395,-58.8538
4396,-61.2439
4397,-61.4396
4398,-62.465
4399,-63.3252
4400,-64.3535
4401,-64.7872
4402,-64.8616
4403,-65.3972
4404,-65.1613
4405,-65.2972
4406,-65.2756
4407,-65.3472
4408,-65.241
4409,-65.4127
4410,-65.3215
4411,-65.3954
4412,-65.3441
4413,-65.2944
4414,-65.4465
4415,-65.2415
4416,-65.2275
4417,-64.9546
4418,-64.8817
4419,-65.1877
4420,-65.5317
4421,-65.7139
4422,-65.7394
4423,-65.707
4424,-65.7079
4425,-65.7949
4426,-65.8038
4427,-65.8961
4428,-65.9627
4429,-65.9476
4430,-65.9512
4431,-65.9671
4432,-65.5922
4433,-64.1364
4434,-62.5273
4435,-59.8013
4436,-56.5441
4437,-52.7994
4438,-50.4392
4439,-45.3165
4440,-40.3489
4441,-34.658
4442,-28.6008
4443,-23.0353
4444,-16.8877
4445,-13.7323
4446,-7.4407
4447,-0.927634
4448,5.71817
4449,12.4358
4450,18.8654
4451,25.3192
4452,28.6415
4453,42.169
4454,48.3583
4455,54.4645
4456,60.6689
4457,63.5518
4458,68.9647
4459,74.2306
4460,76.7976
4461,84.7082
4462,88.3247
4463,92.4176
4464,94.2505
4465,98.5782
4466,101.088
4467,103.334
4468,106.98
4469,109.159
4470,111.329
4471,112.487
4472,114.889
4473,116.494
4474,117.244
4475,117.195
4476,117.31
4477,117.39
4478,117.419
4479,117.373
4480,117.292
4481,117.168
4482,116.913
4483,116.621
4484,116.492
4485,116.27
4486,116.044
4487,115.777
4488,115.592
4489,115.304
4490,114.959
4491,114.826
4492,114.7
4493,NaN
4494,NaN
4495,NaN
4496,NaN
4497,NaN
4498,NaN
4499,NaN
4500,NaN
4501,NaN
4502,NaN
4503,NaN
4504,NaN
4505,NaN
4506,NaN
4507,NaN
4508,NaN
4509,NaN
4510,NaN
4511,NaN
4512,NaN
4513,NaN
4514,NaN
4515,NaN
4516,NaN
4517,NaN
4518,NaN
4519,NaN
4520,NaN
4521,NaN
4522,NaN
4523,NaN
4524,NaN
4525,NaN
4526,NaN
4527,NaN
4528,NaN
4529,NaN
4530,NaN
4531,NaN
4532,NaN
4533,NaN
4534,NaN
4535,NaN
4536,NaN
4537,NaN
4538,NaN
4539,NaN
4540,NaN
4541,NaN
4542,NaN
4543,NaN
4544,NaN
4545,NaN
4546,NaN
4547,NaN
4548,NaN
4549,NaN
4550,NaN
4551,NaN
4552,NaN
4553,NaN
4554,NaN
4555,NaN
4556,NaN
4557,NaN
4558,NaN
4559,NaN
4560,NaN
4561,NaN
4562,NaN
4563,NaN
4564,NaN
4565,NaN
4566,NaN
4567,NaN
4568,NaN
4569,NaN
4570,NaN
4571,NaN
4572,NaN
4573,NaN
4574,NaN
4575,NaN
4576,NaN
4577,NaN
4578,NaN
4579,NaN
4580,NaN
4581,NaN
4582,NaN
4583,NaN
4584,NaN
4585,NaN
4586,NaN
4587,NaN
4588,NaN
4589,NaN
4590,NaN
4591,NaN
4592,NaN
4593,NaN
4594,NaN
4595,NaN
4596,NaN
4597,NaN
4598,NaN
4599,NaN
4600,NaN
4601,NaN
4602,NaN
4603,NaN
4604,NaN
4605,NaN
4606,NaN
4607,NaN
4608,NaN
4609,NaN
4610,NaN
4611,NaN
4612,NaN
4613,NaN
4614,NaN
4615,NaN
4616,NaN
4617,NaN
4618,NaN
4619,NaN
4620,NaN
4621,NaN
4622,NaN
4623,NaN
4624,NaN
4625,NaN
4626,NaN
4627,NaN
4628,NaN
4629,NaN
4630,NaN
4631,NaN
4632,NaN
4633,NaN
4634,NaN
4635,NaN
4636,NaN
4637,NaN
4638,NaN
4639,NaN
4640,NaN
4641,NaN
4642,NaN
4643,NaN
4644,NaN
4645,NaN
4646,NaN
4647,NaN
4648,NaN
4649,NaN
4650,NaN
4651,NaN
4652,NaN
4653,NaN
4654,NaN
4655,NaN
4656,NaN
4657,NaN
4658,NaN
4659,NaN
4660,NaN
4661,NaN
4662,NaN
4663,NaN
4664,NaN
4665,NaN
4666,NaN
4667,NaN
4668,NaN
4669,NaN
4670,NaN
4671,NaN
4672,NaN
4673,NaN
4674,NaN
4675,NaN
4676,NaN
4677,NaN
4678,NaN
4679,NaN
4680,NaN
