1,-78.1682
2,-78.1041
3,-77.9516
4,-77.8265
5,-77.6734
6,-77.5248
7,-77.1555
8,-76.8787
9,-76.7758
10,-76.5077
11,-76.1979
12,-75.9955
13,-75.6682
14,-75.2923
15,-74.8741
16,-74.7316
17,-74.357
18,-73.9526
19,-73.7465
20,-73.1345
21,-72.7486
22,-72.2741
23,-72.1959
24,-71.9975
25,-71.9261
26,-71.9112
27,-71.8058
28,-71.8555
29,-71.9655
30,-71.9827
31,-71.87
32,-71.7383
33,-71.6786
34,-71.8501
35,-71.6526
36,-71.4557
37,-71.4507
38,-71.6311
39,-71.3767
40,-71.3039
41,-71.436
42,-71.6717
43,-71.6407
44,-71.6163
45,-71.5251
46,-71.7359
47,-71.6941
48,-71.6346
49,-71.5995
50,-71.6236
51,-71.6116
52,-71.4715
53,-71.4671
54,-71.3354
55,-71.2577
56,-71.1347
57,-71.0887
58,-71.1271
59,-71.2431
60,-71.3112
61,-71.512
62,-71.659
63,-71.9179
64,-72.2302
65,-72.2708
66,-72.5851
67,-73.0687
68,-73.4765
69,-73.7744
70,-74.1938
71,-74.6618
72,-75.1004
73,-75.4105
74,-75.9319
75,-75.8529
76,-75.6376
77,-75.2483
78,-74.7981
79,-74.5082
80,-73.8389
81,-72.8006
82,-71.5005
83,-70.752
84,-70.2512
85,-69.4857
86,-67.8275
87,-67.5779
88,-66.9542
89,-66.6463
90,-66.4234
91,-66.4369
92,-66.3666
93,-66.8446
94,-67.5406
95,-67.8773
96,-67.9614
97,-68.0458
98,-68.1497
99,-67.8819
100,-67.1071
101,-66.4856
102,-64.9346
103,-63.7347
104,-62.9894
105,-61.2281
106,-57.9835
107,-56.5249
108,-55.1515
109,-52.4845
110,-49.7866
111,-48.442
112,-43.3264
113,-38.1506
114,-32.7131
115,-29.6674
116,-23.242
117,-17.4925
118,-14.6024
119,-9.01102
120,-2.91832
121,3.38016
122,6.6872
123,13.3916
124,20.5639
125,24.2097
126,31.7858
127,39.0827
128,46.871
129,50.6952
130,58.4111
131,65.8808
132,69.7925
133,76.7416
134,83.7566
135,89.5743
136,92.5017
137,97.9352
138,102.968
139,105.22
140,108.891
141,111.845
142,115.208
143,116.302
144,117.846
145,119.124
146,119.773
147,121.363
148,122.687
149,122.968
150,122.933
151,122.947
152,122.657
153,122.461
154,121.724
155,121.096
156,120.793
157,120.692
158,120.407
159,120.212
160,120.049
161,119.804
162,119.488
163,119.346
164,119.243
165,118.939
166,118.752
167,118.729
168,118.438
169,118.261
170,118.124
171,118.06
172,117.97
173,117.997
174,118.002
175,118.021
176,117.967
177,117.927
178,117.925
179,117.942
180,117.892
181,NaN
182,NaN
183,NaN
184,NaN
185,NaN
186,NaN
187,NaN
188,NaN
189,NaN
190,NaN
191,NaN
192,NaN
193,NaN
194,NaN
195,NaN
196,NaN
197,NaN
198,NaN
199,NaN
200,NaN
201,NaN
202,NaN
203,NaN
204,NaN
205,NaN
206,NaN
207,NaN
208,NaN
209,NaN
210,NaN
211,NaN
212,NaN
213,NaN
214,NaN
215,NaN
216,NaN
217,NaN
218,NaN
219,NaN
220,NaN
221,NaN
222,NaN
223,NaN
224,NaN
225,NaN
226,NaN
227,NaN
228,NaN
229,NaN
230,NaN
231,NaN
232,NaN
233,NaN
234,NaN
235,NaN
236,NaN
237,NaN
238,NaN
239,NaN
240,NaN
241,NaN
242,NaN
243,NaN
244,NaN
245,NaN
246,NaN
247,NaN
248,NaN
249,NaN
250,NaN
251,NaN
252,NaN
253,NaN
254,NaN
255,NaN
256,NaN
257,NaN
258,NaN
259,NaN
260,NaN
261,NaN
262,NaN
263,NaN
264,NaN
265,NaN
266,NaN
267,NaN
268,NaN
269,NaN
270,NaN
271,NaN
272,NaN
273,NaN
274,NaN
275,NaN
276,NaN
277,NaN
278,NaN
279,NaN
280,NaN
281,NaN
282,NaN
283,NaN
284,NaN
285,NaN
286,NaN
287,NaN
288,NaN
289,NaN
290,NaN
291,NaN
292,NaN
293,NaN
294,NaN
295,NaN
296,NaN
297,NaN
298,NaN
299,NaN
300,NaN
301,NaN
302,NaN
303,NaN
304,NaN
305,NaN
306,NaN
307,NaN
308,NaN
309,NaN
310,NaN
311,NaN
312,NaN
313,NaN
314,NaN
315,NaN
316,NaN
317,NaN
318,NaN
319,NaN
320,NaN
321,NaN
322,NaN
323,NaN
324,NaN
325,NaN
326,NaN
327,NaN
328,NaN
329,NaN
330,NaN
331,NaN
332,NaN
333,NaN
334,NaN
335,NaN
336,NaN
337,NaN
338,NaN
339,NaN
340,NaN
341,NaN
342,NaN
343,NaN
344,NaN
345,NaN
346,NaN
347,NaN
348,NaN
349,NaN
350,NaN
351,NaN
352,NaN
353,NaN
354,NaN
355,NaN
356,NaN
357,NaN
358,NaN
359,NaN
360,NaN
361,-43.8723
362,-43.8005
363,-43.7655
364,-43.7264
365,-43.6638
366,-43.613
367,-43.5536
368,-43.5287
369,-43.4695
370,-43.323
371,-43.2596
372,-43.1693
373,-43.0988
374,-43.0702
375,-43.0082
376,-42.9373
377,-42.8632
378,-42.8433
379,-42.8036
380,-42.7458
381,-42.7112
382,-42.6489
383,-42.581
384,-42.5347
385,-42.5173
386,-42.491
387,-42.5225
388,-42.5286
389,-42.554
390,-42.5262
391,-42.4699
392,-42.4668
393,-42.4448
394,-42.4119
395,-42.3832
396,-42.337
397,-42.2274
398,-42.0887
399,-41.99
400,-41.7796
401,-41.5306
402,-41.2441
403,-41.0743
404,-40.7995
405,-40.4574
406,-40.2802
407,-39.8601
408,-39.5172
409,-39.2991
410,-39.2052
411,-39.1253
412,-39.0863
413,-39.0239
414,-39.0035
415,-38.854
416,-38.7429
417,-38.7134
418,-38.5896
419,-38.4843
420,-38.4943
421,-38.4629
422,-38.404
423,-38.2866
424,-38.2062
425,-38.0401
426,-37.8793
427,-37.8538
428,-37.7822
429,-37.9014
430,-37.9305
431,-37.9816
432,-38.0289
433,-38.1392
434,-38.2145
435,-38.2829
436,-38.4491
437,-38.6848
438,-38.8555
439,-39.0581
440,-39.1902
441,-39.24
442,-39.4418
443,-39.6909
444,-39.7807
445,-39.8757
446,-39.9998
447,-40.1929
448,-40.3244
449,-40.6703
450,-41.0631
451,-41.511
452,-41.7913
453,-42.2894
454,-42.7706
455,-43.1062
456,-43.5969
457,-43.9615
458,-44.2914
459,-44.4604
460,-44.9815
461,-45.6552
462,-45.8426
463,-46.3645
464,-46.7296
465,-47.1402
466,-47.435
467,-47.8467
468,-48.0918
469,-48.1518
470,-48.4757
471,-48.8848
472,-49.6897
473,-50.0358
474,-50.3924
475,-51.0554
476,-51.4187
477,-51.7347
478,-52.0294
479,-52.2569
480,-52.6808
481,-53.0182
482,-53.0565
483,-53.0786
484,-53.0908
485,-52.7387
486,-52.2793
487,-52.1182
488,-51.7552
489,-51.3035
490,-50.7518
491,-50.3774
492,-48.7148
493,-47.0291
494,-46.1067
495,-43.92
496,-41.2904
497,-37.6871
498,-35.8218
499,-32.3404
500,-28.5955
501,-26.4536
502,-22.2706
503,-17.7816
504,-13.302
505,-10.6189
506,-5.91634
507,-0.51091
508,1.59044
509,6.3038
510,11.0319
511,15.7098
512,18.4367
513,23.9588
514,28.1267
515,30.3476
516,35.0886
517,40.3305
518,44.8038
519,47.4554
520,51.9332
521,56.5184
522,58.3726
523,61.7566
524,65.1803
525,68.3773
526,69.7031
527,72.2346
528,74.4425
529,75.5354
530,77.0589
531,78.3057
532,79.0157
533,79.3299
534,79.8247
535,80.1542
536,80.2678
537,80.9081
538,81.1217
539,81.1394
540,81.0739
541,NaN
542,NaN
543,NaN
544,NaN
545,NaN
546,NaN
547,NaN
548,NaN
549,NaN
550,NaN
551,NaN
552,NaN
553,NaN
554,NaN
555,NaN
556,NaN
557,NaN
558,NaN
559,NaN
560,NaN
561,NaN
562,NaN
563,NaN
564,NaN
565,NaN
566,NaN
567,NaN
568,NaN
569,NaN
570,NaN
571,NaN
572,NaN
573,NaN
574,NaN
575,NaN
576,NaN
577,NaN
578,NaN
579,NaN
580,NaN
581,NaN
582,NaN
583,NaN
584,NaN
585,NaN
586,NaN
587,NaN
588,NaN
589,NaN
590,NaN
591,NaN
592,NaN
593,NaN
594,NaN
595,NaN
596,NaN
597,NaN
598,NaN
599,NaN
600,NaN
601,NaN
602,NaN
603,NaN
604,NaN
605,NaN
606,NaN
607,NaN
608,NaN
609,NaN
610,NaN
611,NaN
612,NaN
613,NaN
614,NaN
615,NaN
616,NaN
617,NaN
618,NaN
619,NaN
620,NaN
621,NaN
622,NaN
623,NaN
624,NaN
625,NaN
626,NaN
627,NaN
628,NaN
629,NaN
630,NaN
631,NaN
632,NaN
633,NaN
634,NaN
635,NaN
636,NaN
637,NaN
638,NaN
639,NaN
640,NaN
641,NaN
642,NaN
643,NaN
644,NaN
645,NaN
646,NaN
647,NaN
648,NaN
649,NaN
650,NaN
651,NaN
652,NaN
653,NaN
654,NaN
655,NaN
656,NaN
657,NaN
658,NaN
659,NaN
660,NaN
661,NaN
662,NaN
663,NaN
664,NaN
665,NaN
666,NaN
667,NaN
668,NaN
669,NaN
670,NaN
671,NaN
672,NaN
673,NaN
674,NaN
675,NaN
676,NaN
677,NaN
678,NaN
679,NaN
680,NaN
681,NaN
682,NaN
683,NaN
684,NaN
685,NaN
686,NaN
687,NaN
688,NaN
689,NaN
690,NaN
691,NaN
692,NaN
693,NaN
694,NaN
695,NaN
696,NaN
697,NaN
698,NaN
699,NaN
700,NaN
701,NaN
702,NaN
703,NaN
704,NaN
705,NaN
706,NaN
707,NaN
708,NaN
709,NaN
710,NaN
711,NaN
712,NaN
713,NaN
714,NaN
715,NaN
716,NaN
717,NaN
718,NaN
719,NaN
720,NaN
721,-63.0244
722,-62.8562
723,-62.6994
724,-62.5485
725,-62.4363
726,-62.3707
727,-62.2288
728,-62.2183
729,-62.312
730,-62.3967
731,-62.2652
732,-61.9826
733,-61.7679
734,-61.2539
735,-60.7825
736,-59.3749
737,-57.9497
738,-57.6172
739,-57.2713
740,-57.1161
741,-57.3442
742,-57.5954
743,-57.3256
744,-56.8962
745,-57.0019
746,-57.6463
747,-57.5075
748,-56.6451
749,-55.7587
750,-55.6066
751,-55.7138
752,-55.9227
753,-56.0727
754,-56.6463
755,-56.9266
756,-56.5276
757,-56.121
758,-56.056
759,-55.744
760,-55.6444
761,-55.8774
762,-56.3951
763,-56.4104
764,-56.4702
765,-57.0837
766,-57.2059
767,-57.3663
768,-57.6863
769,-58.0654
770,-58.1701
771,-58.6124
772,-58.9913
773,-59.1573
774,-59.4741
775,-59.6281
776,-60.0756
777,-60.0867
778,-60.4202
779,-60.4963
780,-60.686
781,-60.6695
782,-60.8838
783,-61.054
784,-61.2543
785,-61.2604
786,-61.2344
787,-61.3177
788,-61.6434
789,-61.8239
790,-61.9661
791,-62.0797
792,-62.1249
793,-62.0712
794,-61.9817
795,-62.0241
796,-62.1779
797,-62.2846
798,-62.4295
799,-62.4956
800,-62.721
801,-63.0615
802,-63.713
803,-64.5586
804,-65.5214
805,-66.9582
806,-67.8989
807,-69.4222
808,-71.6721
809,-73.4549
810,-74.6774
811,-76.5686
812,-77.7281
813,-78.598
814,-79.8025
815,-80.7727
816,-82.0455
817,-85.2063
818,-86.4983
819,-88.522
820,-89.9155
821,-91.3571
822,-92.516
823,-93.5443
824,-94.5723
825,-95.0013
826,-95.5123
827,-96.1198
828,-97.68
829,-98.2723
830,-98.4357
831,-98.8354
832,-98.9677
833,-99.4729
834,-99.1039
835,-99.5689
836,-100.006
837,-100.294
838,-100.656
839,-101.523
840,-101.937
841,-102.103
842,-102.534
843,-102.658
844,-102.708
845,-102.529
846,-102.223
847,-101.715
848,-100.839
849,-99.5672
850,-98.558
851,-96.4333
852,-95.5765
853,-93.7494
854,-91.6275
855,-89.2409
856,-86.1836
857,-82.9133
858,-79.617
859,-78.0654
860,-74.2153
861,-64.6271
862,-61.1666
863,-57.6892
864,-56.1908
865,-53.1765
866,-50.1827
867,-47.0204
868,-40.8566
869,-37.8716
870,-34.7807
871,-32.7644
872,-28.5708
873,-24.9383
874,-19.7353
875,-15.8473
876,-12.6306
877,-9.13819
878,-7.32637
879,-2.10849
880,3.40154
881,9.08935
882,13.4223
883,24.6272
884,26.904
885,30.5454
886,34.249
887,37.3722
888,41.9151
889,46.9052
890,48.3925
891,49.028
892,NaN
893,NaN
894,NaN
895,NaN
896,NaN
897,NaN
898,NaN
899,NaN
900,NaN
901,NaN
902,NaN
903,NaN
904,NaN
905,NaN
906,NaN
907,NaN
908,NaN
909,NaN
910,NaN
911,NaN
912,NaN
913,NaN
914,NaN
915,NaN
916,NaN
917,NaN
918,NaN
919,NaN
920,NaN
921,NaN
922,NaN
923,NaN
924,NaN
925,NaN
926,NaN
927,NaN
928,NaN
929,NaN
930,NaN
931,NaN
932,NaN
933,NaN
934,NaN
935,NaN
936,NaN
937,NaN
938,NaN
939,NaN
940,NaN
941,NaN
942,NaN
943,NaN
944,NaN
945,NaN
946,NaN
947,NaN
948,NaN
949,NaN
950,NaN
951,NaN
952,NaN
953,NaN
954,NaN
955,NaN
956,NaN
957,NaN
958,NaN
959,NaN
960,NaN
961,NaN
962,NaN
963,NaN
964,NaN
965,NaN
966,NaN
967,NaN
968,NaN
969,NaN
970,NaN
971,NaN
972,NaN
973,NaN
974,NaN
975,NaN
976,NaN
977,NaN
978,NaN
979,NaN
980,NaN
981,NaN
982,NaN
983,NaN
984,NaN
985,NaN
986,NaN
987,NaN
988,NaN
989,NaN
990,NaN
991,NaN
992,NaN
993,NaN
994,NaN
995,NaN
996,NaN
997,NaN
998,NaN
999,NaN
1000,NaN
1001,NaN
1002,NaN
1003,NaN
1004,NaN
1005,NaN
1006,NaN
1007,NaN
1008,NaN
1009,NaN
1010,NaN
1011,NaN
1012,NaN
1013,NaN
1014,NaN
1015,NaN
1016,NaN
1017,NaN
1018,NaN
1019,NaN
1020,NaN
1021,NaN
1022,NaN
1023,NaN
1024,NaN
1025,NaN
1026,NaN
1027,NaN
1028,NaN
1029,NaN
1030,NaN
1031,NaN
1032,NaN
1033,NaN
1034,NaN
1035,NaN
1036,NaN
1037,NaN
1038,NaN
1039,NaN
1040,NaN
1041,NaN
1042,NaN
1043,NaN
1044,NaN
1045,NaN
1046,NaN
1047,NaN
1048,NaN
1049,NaN
1050,NaN
1051,NaN
1052,NaN
1053,NaN
1054,NaN
1055,NaN
1056,NaN
1057,NaN
1058,NaN
1059,NaN
1060,NaN
1061,NaN
1062,NaN
1063,NaN
1064,NaN
1065,NaN
1066,NaN
1067,NaN
1068,NaN
1069,NaN
1070,NaN
1071,NaN
1072,NaN
1073,NaN
1074,NaN
1075,NaN
1076,NaN
1077,NaN
1078,NaN
1079,NaN
1080,NaN
1081,-78.2817
1082,-78.2833
1083,-78.2904
1084,-78.3136
1085,-78.3214
1086,-78.2854
1087,-78.2822
1088,-78.264
1089,-78.2542
1090,-78.2748
1091,-78.3334
1092,-78.3137
1093,-78.2986
1094,-78.2765
1095,-78.2444
1096,-78.2061
1097,-78.1916
1098,-78.1684
1099,-78.1793
1100,-78.2536
1101,-78.2213
1102,-78.1058
1103,-77.8532
1104,-77.7628
1105,-77.211
1106,-76.6897
1107,-76.4678
1108,-76.0626
1109,-75.8941
1110,-75.5592
1111,-75.4189
1112,-75.1212
1113,-74.8777
1114,-74.7663
1115,-74.5708
1116,-74.4351
1117,-74.0398
1118,-73.9507
1119,-73.7318
1120,-73.3425
1121,-73.0941
1122,-72.6703
1123,-72.3522
1124,-72.0808
1125,-72.0234
1126,-71.9282
1127,-71.7796
1128,-71.6385
1129,-71.5579
1130,-71.5879
1131,-71.3922
1132,-71.1916
1133,-70.993
1134,-70.9093
1135,-70.8538
1136,-70.6724
1137,-70.4132
1138,-70.2492
1139,-70.2897
1140,-70.1891
1141,-69.8279
1142,-69.5382
1143,-69.363
1144,-69.1636
1145,-69.1642
1146,-69.1494
1147,-69.0203
1148,-68.8529
1149,-68.6719
1150,-68.6114
1151,-68.578
1152,-68.5909
1153,-68.5739
1154,-68.5607
1155,-68.7321
1156,-68.9254
1157,-68.9062
1158,-69.1255
1159,-69.2946
1160,-69.3573
1161,-69.6174
1162,-69.8058
1163,-69.9048
1164,-69.9691
1165,-70.1236
1166,-70.0354
1167,-70.0249
1168,-70.1377
1169,-70.1765
1170,-70.0707
1171,-70.1038
1172,-70.3943
1173,-70.6709
1174,-70.7481
1175,-71.0537
1176,-71.2083
1177,-71.3926
1178,-71.4804
1179,-71.8049
1180,-72.1743
1181,-72.3243
1182,-72.1899
1183,-71.9497
1184,-71.5379
1185,-71.4355
1186,-71.4908
1187,-71.4374
1188,-71.4302
1189,-70.9345
1190,-69.3627
1191,-68.8927
1192,-68.483
1193,-66.951
1194,-65.1992
1195,-63.9654
1196,-61.401
1197,-59.2943
1198,-55.5607
1199,-53.6442
1200,-49.6007
1201,-45.1343
1202,-42.8215
1203,-38.0752
1204,-33.2376
1205,-27.6299
1206,-25.1704
1207,-19.6562
1208,-14.7087
1209,-12.3006
1210,-6.74382
1211,-1.31956
1212,3.67208
1213,6.36192
1214,12.7486
1215,18.6764
1216,21.5307
1217,26.9766
1218,32.1138
1219,37.1577
1220,39.5128
1221,45.5687
1222,50.7455
1223,53.6177
1224,58.8664
1225,63.7863
1226,68.9029
1227,71.4743
1228,78.1302
1229,83.4392
1230,86.0032
1231,91.5045
1232,95.1609
1233,98.7919
1234,100.379
1235,103.365
1236,105.63
1237,107.184
1238,107.861
1239,108.466
1240,108.869
1241,109.105
1242,109.304
1243,109.716
1244,110.439
1245,110.608
1246,111.119
1247,110.993
1248,111.049
1249,111.254
1250,111.269
1251,111.271
1252,111.239
1253,111.181
1254,111.115
1255,111.078
1256,110.975
1257,110.894
1258,110.839
1259,110.826
1260,110.732
1261,NaN
1262,NaN
1263,NaN
1264,NaN
1265,NaN
1266,NaN
1267,NaN
1268,NaN
1269,NaN
1270,NaN
1271,NaN
1272,NaN
1273,NaN
1274,NaN
1275,NaN
1276,NaN
1277,NaN
1278,NaN
1279,NaN
1280,NaN
1281,NaN
1282,NaN
1283,NaN
1284,NaN
1285,NaN
1286,NaN
1287,NaN
1288,NaN
1289,NaN
1290,NaN
1291,NaN
1292,NaN
1293,NaN
1294,NaN
1295,NaN
1296,NaN
1297,NaN
1298,NaN
1299,NaN
1300,NaN
1301,NaN
1302,NaN
1303,NaN
1304,NaN
1305,NaN
1306,NaN
1307,NaN
1308,NaN
1309,NaN
1310,NaN
1311,NaN
1312,NaN
1313,NaN
1314,NaN
1315,NaN
1316,NaN
1317,NaN
1318,NaN
1319,NaN
1320,NaN
1321,NaN
1322,NaN
1323,NaN
1324,NaN
1325,NaN
1326,NaN
1327,NaN
1328,NaN
1329,NaN
1330,NaN
1331,NaN
1332,NaN
1333,NaN
1334,NaN
1335,NaN
1336,NaN
1337,NaN
1338,NaN
1339,NaN
1340,NaN
1341,NaN
1342,NaN
1343,NaN
1344,NaN
1345,NaN
1346,NaN
1347,NaN
1348,NaN
1349,NaN
1350,NaN
1351,NaN
1352,NaN
1353,NaN
1354,NaN
1355,NaN
1356,NaN
1357,NaN
1358,NaN
1359,NaN
1360,NaN
1361,NaN
1362,NaN
1363,NaN
1364,NaN
1365,NaN
1366,NaN
1367,NaN
1368,NaN
1369,NaN
1370,NaN
1371,NaN
1372,NaN
1373,NaN
1374,NaN
1375,NaN
1376,NaN
1377,NaN
1378,NaN
1379,NaN
1380,NaN
1381,NaN
1382,NaN
1383,NaN
1384,NaN
1385,NaN
1386,NaN
1387,NaN
1388,NaN
1389,NaN
1390,NaN
1391,NaN
1392,NaN
1393,NaN
1394,NaN
1395,NaN
1396,NaN
1397,NaN
1398,NaN
1399,NaN
1400,NaN
1401,NaN
1402,NaN
1403,NaN
1404,NaN
1405,NaN
1406,NaN
1407,NaN
1408,NaN
1409,NaN
1410,NaN
1411,NaN
1412,NaN
1413,NaN
1414,NaN
1415,NaN
1416,NaN
1417,NaN
1418,NaN
1419,NaN
1420,NaN
1421,NaN
1422,NaN
1423,NaN
1424,NaN
1425,NaN
1426,NaN
1427,NaN
1428,NaN
1429,NaN
1430,NaN
1431,NaN
1432,NaN
1433,NaN
1434,NaN
1435,NaN
1436,NaN
1437,NaN
1438,NaN
1439,NaN
1440,NaN
1441,-102.702
1442,-102.826
1443,-102.856
1444,-102.806
1445,-102.877
1446,-102.928
1447,-103.072
1448,-103.208
1449,-103.385
1450,-103.445
1451,-103.545
1452,-103.652
1453,-103.708
1454,-103.749
1455,-103.809
1456,-103.889
1457,-103.949
1458,-104.036
1459,-104.086
1460,-104.104
1461,-104.169
1462,-104.229
1463,-104.261
1464,-104.262
1465,-104.255
1466,-104.238
1467,-104.19
1468,-104.116
1469,-104.116
1470,-104.06
1471,-103.95
1472,-103.433
1473,-102.891
1474,-102.552
1475,-101.672
1476,-101.105
1477,-100.593
1478,-100.068
1479,-98.9615
1480,-97.9814
1481,-97.5373
1482,-96.8516
1483,-96.3928
1484,-96.4115
1485,-96.1958
1486,-96.07
1487,-96.3326
1488,-96.2641
1489,-95.7926
1490,-95.4833
1491,-95.1727
1492,-95.0471
1493,-95.0268
1494,-94.7092
1495,-94.6047
1496,-94.4001
1497,-94.0696
1498,-94.6336
1499,-94.4452
1500,-94.3897
1501,-94.2083
1502,-93.9116
1503,-93.8245
1504,-93.2219
1505,-92.5386
1506,-91.8995
1507,-91.9004
1508,-92.0484
1509,-91.8932
1510,-91.4898
1511,-91.4414
1512,-91.4078
1513,-92.3396
1514,-92.7004
1515,-92.8754
1516,-93.1131
1517,-93.01
1518,-93.0883
1519,-93.0628
1520,-92.9535
1521,-92.9586
1522,-92.8155
1523,-92.7681
1524,-92.6837
1525,-92.9747
1526,-93.0751
1527,-93.0451
1528,-93.141
1529,-93.3823
1530,-93.5489
1531,-93.883
1532,-94.4695
1533,-94.8099
1534,-95.1868
1535,-95.4834
1536,-96.0121
1537,-96.214
1538,-96.2969
1539,-96.5473
1540,-96.6662
1541,-96.7298
1542,-96.6054
1543,-96.4439
1544,-96.3501
1545,-95.8743
1546,-94.9708
1547,-94.9562
1548,-94.2134
1549,-93.2733
1550,-92.7471
1551,-92.5267
1552,-92.2862
1553,-92.8639
1554,-92.9261
1555,-93.1057
1556,-93.5622
1557,-93.5603
1558,-93.5185
1559,-93.6048
1560,-94.1969
1561,-94.2072
1562,-95.0069
1563,-95.6648
1564,-95.579
1565,-95.424
1566,-95.0757
1567,-94.8802
1568,-95.0424
1569,-95.2018
1570,-95.3122
1571,-95.6421
1572,-95.7508
1573,-96.0747
1574,-96.6225
1575,-96.8224
1576,-96.9232
1577,-96.7784
1578,-96.6673
1579,-96.5348
1580,-96.2651
1581,-96.1945
1582,-96.1062
1583,-96.1665
1584,-95.9659
1585,-95.1041
1586,-94.5936
1587,-94.2854
1588,-94.1609
1589,-94.1089
1590,-94.2223
1591,-93.4379
1592,-91.0226
1593,-89.5509
1594,-88.1436
1595,-85.9916
1596,-84.0991
1597,-82.9814
1598,-80.2334
1599,-77.75
1600,-76.3426
1601,-73.7778
1602,-70.9153
1603,-69.5309
1604,-65.9523
1605,-62.1229
1606,-57.9811
1607,-55.8964
1608,-51.641
1609,-48.1231
1610,-44.6981
1611,-42.2992
1612,-37.8204
1613,-31.8896
1614,-28.7334
1615,-22.8764
1616,-18.1234
1617,-12.2659
1618,-9.60496
1619,-5.01807
1620,NaN
1621,NaN
1622,NaN
1623,NaN
1624,NaN
1625,NaN
1626,NaN
1627,NaN
1628,NaN
1629,NaN
1630,NaN
1631,NaN
1632,NaN
1633,NaN
1634,NaN
1635,NaN
1636,NaN
1637,NaN
1638,NaN
1639,NaN
1640,NaN
1641,NaN
1642,NaN
1643,NaN
1644,NaN
1645,NaN
1646,NaN
1647,NaN
1648,NaN
1649,NaN
1650,NaN
1651,NaN
1652,NaN
1653,NaN
1654,NaN
1655,NaN
1656,NaN
1657,NaN
1658,NaN
1659,NaN
1660,NaN
1661,NaN
1662,NaN
1663,NaN
1664,NaN
1665,NaN
1666,NaN
1667,NaN
1668,NaN
1669,NaN
1670,NaN
1671,NaN
1672,NaN
1673,NaN
1674,NaN
1675,NaN
1676,NaN
1677,NaN
1678,NaN
1679,NaN
1680,NaN
1681,NaN
1682,NaN
1683,NaN
1684,NaN
1685,NaN
1686,NaN
1687,NaN
1688,NaN
1689,NaN
1690,NaN
1691,NaN
1692,NaN
1693,NaN
1694,NaN
1695,NaN
1696,NaN
1697,NaN
1698,NaN
1699,NaN
1700,NaN
1701,NaN
1702,NaN
1703,NaN
1704,NaN
1705,NaN
1706,NaN
1707,NaN
1708,NaN
1709,NaN
1710,NaN
1711,NaN
1712,NaN
1713,NaN
1714,NaN
1715,NaN
1716,NaN
1717,NaN
1718,NaN
1719,NaN
1720,NaN
1721,NaN
1722,NaN
1723,NaN
1724,NaN
1725,NaN
1726,NaN
1727,NaN
1728,NaN
1729,NaN
1730,NaN
1731,NaN
1732,NaN
1733,NaN
1734,NaN
1735,NaN
1736,NaN
1737,NaN
1738,NaN
1739,NaN
1740,NaN
1741,NaN
1742,NaN
1743,NaN
1744,NaN
1745,NaN
1746,NaN
1747,NaN
1748,NaN
1749,NaN
1750,NaN
1751,NaN
1752,NaN
1753,NaN
1754,NaN
1755,NaN
1756,NaN
1757,NaN
1758,NaN
1759,NaN
1760,NaN
1761,NaN
1762,NaN
1763,NaN
1764,NaN
1765,NaN
1766,NaN
1767,NaN
1768,NaN
1769,NaN
1770,NaN
1771,NaN
1772,NaN
1773,NaN
1774,NaN
1775,NaN
1776,NaN
1777,NaN
1778,NaN
1779,NaN
1780,NaN
1781,NaN
1782,NaN
1783,NaN
1784,NaN
1785,NaN
1786,NaN
1787,NaN
1788,NaN
1789,NaN
1790,NaN
1791,NaN
1792,NaN
1793,NaN
1794,NaN
1795,NaN
1796,NaN
1797,NaN
1798,NaN
1799,NaN
1800,NaN
1801,-37.7297
1802,-37.7815
1803,-38.0475
1804,-38.1352
1805,-38.2753
1806,-38.4069
1807,-38.631
1808,-38.7271
1809,-38.9228
1810,-39.1623
1811,-39.2864
1812,-39.3978
1813,-39.414
1814,-39.4795
1815,-39.4993
1816,-39.5101
1817,-39.5122
1818,-39.4858
1819,-39.5117
1820,-39.5386
1821,-39.4826
1822,-39.4773
1823,-39.3803
1824,-39.3766
1825,-39.2873
1826,-39.2458
1827,-39.1256
1828,-38.8268
1829,-38.6715
1830,-38.3948
1831,-38.4092
1832,-38.3128
1833,-38.1096
1834,-38.1169
1835,-38.0748
1836,-37.9568
1837,-37.6051
1838,-37.5655
1839,-37.5738
1840,-37.5319
1841,-37.618
1842,-37.6258
1843,-37.6567
1844,-37.6862
1845,-37.4858
1846,-37.4727
1847,-37.6876
1848,-37.7854
1849,-37.9839
1850,-38.0968
1851,-38.2872
1852,-38.4914
1853,-38.7531
1854,-38.892
1855,-39.0769
1856,-39.3663
1857,-39.4904
1858,-39.5655
1859,-39.6348
1860,-39.6628
1861,-39.6834
1862,-39.3735
1863,-39.0914
1864,-39.0538
1865,-39.09
1866,-39.1685
1867,-39.1263
1868,-39.1027
1869,-39.0682
1870,-39.0704
1871,-39.1513
1872,-39.1888
1873,-39.2662
1874,-39.3262
1875,-39.4244
1876,-39.5578
1877,-39.6381
1878,-39.7882
1879,-39.7961
1880,-39.9177
1881,-39.9071
1882,-39.9517
1883,-40.1688
1884,-40.3232
1885,-40.5185
1886,-40.7876
1887,-41.2295
1888,-41.3285
1889,-41.3892
1890,-41.4988
1891,-41.5555
1892,-41.4785
1893,-41.3382
1894,-41.6965
1895,-41.6843
1896,-41.5742
1897,-41.2201
1898,-41.1374
1899,-40.8808
1900,-40.173
1901,-40.0504
1902,-40.0291
1903,-39.8162
1904,-39.5981
1905,-39.5578
1906,-39.6899
1907,-39.6845
1908,-40.0397
1909,-40
1910,-40.2915
1911,-40.4152
1912,-40.568
1913,-40.8053
1914,-40.9537
1915,-40.699
1916,-40.8524
1917,-40.8803
1918,-41.229
1919,-41.3915
1920,-41.3265
1921,-41.2552
1922,-41.0661
1923,-41.0346
1924,-40.6905
1925,-40.8352
1926,-40.961
1927,-41.0891
1928,-41.0937
1929,-40.8399
1930,-40.6597
1931,-40.248
1932,-39.7356
1933,-38.9956
1934,-38.539
1935,-37.6418
1936,-36.8783
1937,-36.4697
1938,-35.3994
1939,-34.6863
1940,-33.2003
1941,-32.5322
1942,-31.0261
1943,-29.1817
1944,-28.2317
1945,-26.0393
1946,-24.0242
1947,-22.2115
1948,-21.0971
1949,-19.3859
1950,-17.0444
1951,-15.6597
1952,-13.3698
1953,-10.8243
1954,-8.27446
1955,-6.84249
1956,-3.52431
1957,0.618762
1958,3.6344
1959,5.37649
1960,8.44708
1961,11.5621
1962,13.1679
1963,16.7021
1964,20.2504
1965,21.6092
1966,24.4858
1967,27.3382
1968,30.1312
1969,31.4979
1970,34.4397
1971,36.6644
1972,38.3094
1973,40.3864
1974,42.4871
1975,45.2384
1976,46.6193
1977,49.7512
1978,52.6928
1979,54.099
1980,NaN
1981,NaN
1982,NaN
1983,NaN
1984,NaN
1985,NaN
1986,NaN
1987,NaN
1988,NaN
1989,NaN
1990,NaN
1991,NaN
1992,NaN
1993,NaN
1994,NaN
1995,NaN
1996,NaN
1997,NaN
1998,NaN
1999,NaN
2000,NaN
2001,NaN
2002,NaN
2003,NaN
2004,NaN
2005,NaN
2006,NaN
2007,NaN
2008,NaN
2009,NaN
2010,NaN
2011,NaN
2012,NaN
2013,NaN
2014,NaN
2015,NaN
2016,NaN
2017,NaN
2018,NaN
2019,NaN
2020,NaN
2021,NaN
2022,NaN
2023,NaN
2024,NaN
2025,NaN
2026,NaN
2027,NaN
2028,NaN
2029,NaN
2030,NaN
2031,NaN
2032,NaN
2033,NaN
2034,NaN
2035,NaN
2036,NaN
2037,NaN
2038,NaN
2039,NaN
2040,NaN
2041,NaN
2042,NaN
2043,NaN
2044,NaN
2045,NaN
2046,NaN
2047,NaN
2048,NaN
2049,NaN
2050,NaN
2051,NaN
2052,NaN
2053,NaN
2054,NaN
2055,NaN
2056,NaN
2057,NaN
2058,NaN
2059,NaN
2060,NaN
2061,NaN
2062,NaN
2063,NaN
2064,NaN
2065,NaN
2066,NaN
2067,NaN
2068,NaN
2069,NaN
2070,NaN
2071,NaN
2072,NaN
2073,NaN
2074,NaN
2075,NaN
2076,NaN
2077,NaN
2078,NaN
2079,NaN
2080,NaN
2081,NaN
2082,NaN
2083,NaN
2084,NaN
2085,NaN
2086,NaN
2087,NaN
2088,NaN
2089,NaN
2090,NaN
2091,NaN
2092,NaN
2093,NaN
2094,NaN
2095,NaN
2096,NaN
2097,NaN
2098,NaN
2099,NaN
2100,NaN
2101,NaN
2102,NaN
2103,NaN
2104,NaN
2105,NaN
2106,NaN
2107,NaN
2108,NaN
2109,NaN
2110,NaN
2111,NaN
2112,NaN
2113,NaN
2114,NaN
2115,NaN
2116,NaN
2117,NaN
2118,NaN
2119,NaN
2120,NaN
2121,NaN
2122,NaN
2123,NaN
2124,NaN
2125,NaN
2126,NaN
2127,NaN
2128,NaN
2129,NaN
2130,NaN
2131,NaN
2132,NaN
2133,NaN
2134,NaN
2135,NaN
2136,NaN
2137,NaN
2138,NaN
2139,NaN
2140,NaN
2141,NaN
2142,NaN
2143,NaN
2144,NaN
2145,NaN
2146,NaN
2147,NaN
2148,NaN
2149,NaN
2150,NaN
2151,NaN
2152,NaN
2153,NaN
2154,NaN
2155,NaN
2156,NaN
2157,NaN
2158,NaN
2159,NaN
2160,NaN
2161,-92.9168
2162,-92.8978
2163,-92.9019
2164,-92.9
2165,-92.9097
2166,-92.9067
2167,-92.9006
2168,-92.8938
2169,-92.9008
2170,-92.8707
2171,-92.7876
2172,-92.678
2173,-92.6327
2174,-92.5727
2175,-92.6884
2176,-92.6719
2177,-92.6282
2178,-92.6338
2179,-92.4202
2180,-92.3368
2181,-92.1786
2182,-92.2706
2183,-92.3198
2184,-92.5576
2185,-93.4668
2186,-94.6115
2187,-95.0976
2188,-95.011
2189,-95.7397
2190,-95.3138
2191,-94.9932
2192,-95.8986
2193,-96.4999
2194,-96.9891
2195,-98.0948
2196,-97.9868
2197,-98.2875
2198,-98.588
2199,-98.3436
2200,-98.846
2201,-98.506
2202,-98.7301
2203,-98.8218
2204,-98.8921
2205,-99.0436
2206,-99.2299
2207,-99.6997
2208,-99.8504
2209,-100.248
2210,-100.329
2211,-101.469
2212,-102.11
2213,-102.211
2214,-102.422
2215,-102.722
2216,-102.183
2217,-102.164
2218,-102.268
2219,-102.06
2220,-101.777
2221,-101.958
2222,-101.955
2223,-101.661
2224,-101.934
2225,-102.61
2226,-103.184
2227,-103.606
2228,-104.952
2229,-105.772
2230,-106.344
2231,-106.842
2232,-107.321
2233,-107.901
2234,-109.176
2235,-110.517
2236,-111.72
2237,-112.121
2238,-112.12
2239,-111.952
2240,-112.026
2241,-111.848
2242,-112.275
2243,-112.84
2244,-112.87
2245,-112.911
2246,-113.149
2247,-113.506
2248,-114.093
2249,-114.823
2250,-115.283
2251,-115.783
2252,-115.929
2253,-115.983
2254,-116.1
2255,-116.155
2256,-116.183
2257,-115.768
2258,-115.242
2259,-115.007
2260,-113.857
2261,-112.164
2262,-109.974
2263,-104.122
2264,-101.274
2265,-99.815
2266,-96.6541
2267,-93.08
2268,-89.8982
2269,-86.5725
2270,-82.9712
2271,-78.5488
2272,-74.0687
2273,-70.3391
2274,-66.5295
2275,-62.9503
2276,-61.5316
2277,-58.6076
2278,-54.624
2279,-53.1357
2280,-49.1783
2281,-45.1735
2282,-42.3148
2283,-39.7272
2284,-37.2457
2285,-36.0094
2286,-33.9589
2287,-18.8591
2288,-13.0755
2289,-9.56916
2290,-5.7943
2291,-3.97523
2292,-0.162138
2293,2.43378
2294,5.34414
2295,7.49184
2296,10.0037
2297,12.181
2298,12.9236
2299,15.1106
2300,16.9222
2301,18.6452
2302,20.1981
2303,21.4825
2304,22.7564
2305,23.1299
2306,23.6503
2307,24.1853
2308,24.5731
2309,24.9023
2310,25.1362
2311,25.2068
2312,25.2117
2313,25.093
2314,25.008
2315,24.9812
2316,24.8392
2317,24.4356
2318,24.1829
2319,23.7462
2320,23.4964
2321,23.2
2322,22.8967
2323,22.5326
2324,22.4038
2325,22.1631
2326,21.7963
2327,21.6093
2328,21.515
2329,21.3329
2330,21.2101
2331,21.102
2332,20.8922
2333,20.6814
2334,NaN
2335,NaN
2336,NaN
2337,NaN
2338,NaN
2339,NaN
2340,NaN
2341,NaN
2342,NaN
2343,NaN
2344,NaN
2345,NaN
2346,NaN
2347,NaN
2348,NaN
2349,NaN
2350,NaN
2351,NaN
2352,NaN
2353,NaN
2354,NaN
2355,NaN
2356,NaN
2357,NaN
2358,NaN
2359,NaN
2360,NaN
2361,NaN
2362,NaN
2363,NaN
2364,NaN
2365,NaN
2366,NaN
2367,NaN
2368,NaN
2369,NaN
2370,NaN
2371,NaN
2372,NaN
2373,NaN
2374,NaN
2375,NaN
2376,NaN
2377,NaN
2378,NaN
2379,NaN
2380,NaN
2381,NaN
2382,NaN
2383,NaN
2384,NaN
2385,NaN
2386,NaN
2387,NaN
2388,NaN
2389,NaN
2390,NaN
2391,NaN
2392,NaN
2393,NaN
2394,NaN
2395,NaN
2396,NaN
2397,NaN
2398,NaN
2399,NaN
2400,NaN
2401,NaN
2402,NaN
2403,NaN
2404,NaN
2405,NaN
2406,NaN
2407,NaN
2408,NaN
2409,NaN
2410,NaN
2411,NaN
2412,NaN
2413,NaN
2414,NaN
2415,NaN
2416,NaN
2417,NaN
2418,NaN
2419,NaN
2420,NaN
2421,NaN
2422,NaN
2423,NaN
2424,NaN
2425,NaN
2426,NaN
2427,NaN
2428,NaN
2429,NaN
2430,NaN
2431,NaN
2432,NaN
2433,NaN
2434,NaN
2435,NaN
2436,NaN
2437,NaN
2438,NaN
2439,NaN
2440,NaN
2441,NaN
2442,NaN
2443,NaN
2444,NaN
2445,NaN
2446,NaN
2447,NaN
2448,NaN
2449,NaN
2450,NaN
2451,NaN
2452,NaN
2453,NaN
2454,NaN
2455,NaN
2456,NaN
2457,NaN
2458,NaN
2459,NaN
2460,NaN
2461,NaN
2462,NaN
2463,NaN
2464,NaN
2465,NaN
2466,NaN
2467,NaN
2468,NaN
2469,NaN
2470,NaN
2471,NaN
2472,NaN
2473,NaN
2474,NaN
2475,NaN
2476,NaN
2477,NaN
2478,NaN
2479,NaN
2480,NaN
2481,NaN
2482,NaN
2483,NaN
2484,NaN
2485,NaN
2486,NaN
2487,NaN
2488,NaN
2489,NaN
2490,NaN
2491,NaN
2492,NaN
2493,NaN
2494,NaN
2495,NaN
2496,NaN
2497,NaN
2498,NaN
2499,NaN
2500,NaN
2501,NaN
2502,NaN
2503,NaN
2504,NaN
2505,NaN
2506,NaN
2507,NaN
2508,NaN
2509,NaN
2510,NaN
2511,NaN
2512,NaN
2513,NaN
2514,NaN
2515,NaN
2516,NaN
2517,NaN
2518,NaN
2519,NaN
2520,NaN
2521,-5.73412
2522,-5.67847
2523,-5.62003
2524,-5.56971
2525,-5.55076
2526,-5.52149
2527,-5.51174
2528,-5.49298
2529,-5.48508
2530,-5.47831
2531,-5.46467
2532,-5.45427
2533,-5.44463
2534,-5.41213
2535,-5.16681
2536,-4.99337
2537,-4.97261
2538,-4.93139
2539,-5.13065
2540,-4.95416
2541,-4.71145
2542,-4.34956
2543,-4.19783
2544,-3.88086
2545,-3.53298
2546,-2.73869
2547,-2.48757
2548,-2.33004
2549,-2.25101
2550,-2.22016
2551,-2.31322
2552,-1.98772
2553,-1.95292
2554,-1.88144
2555,-1.56702
2556,-1.24224
2557,-1.15537
2558,-1.0685
2559,-1.02352
2560,-1.14054
2561,-1.07013
2562,-1.25136
2563,-1.45739
2564,-1.72495
2565,-2.0761
2566,-2.64799
2567,-2.68035
2568,-3.07724
2569,-3.42678
2570,-3.73274
2571,-3.80413
2572,-4.12948
2573,-4.11837
2574,-4.14446
2575,-4.35099
2576,-4.71903
2577,-5.11881
2578,-5.2979
2579,-5.43383
2580,-5.5942
2581,-5.73057
2582,-6.06411
2583,-6.39023
2584,-7.07764
2585,-7.76722
2586,-8.72301
2587,-9.16159
2588,-9.90889
2589,-10.6886
2590,-11.9161
2591,-13.0708
2592,-13.6449
2593,-14.9111
2594,-16.6429
2595,-18.3035
2596,-20.4156
2597,-22.3815
2598,-24.5012
2599,-26.9384
2600,-30.4716
2601,-33.6961
2602,-36.4887
2603,-39.4979
2604,-42.6481
2605,-44.1068
2606,-47.2055
2607,-50.5797
2608,-54.0324
2609,-57.6174
2610,-61.0119
2611,-64.0537
2612,-65.2626
2613,-68.7659
2614,-71.2851
2615,-73.2825
2616,-75.8181
2617,-77.5731
2618,-79.2227
2619,-79.8062
2620,-80.3512
2621,-81.0469
2622,-81.4929
2623,-81.7294
2624,-82.6051
2625,-82.8074
2626,-82.8974
2627,-83.021
2628,-83.2201
2629,-83.3868
2630,-83.5525
2631,-83.7393
2632,-83.7717
2633,-83.7607
2634,-83.6359
2635,-83.4477
2636,-83.2402
2637,-82.9092
2638,-81.9047
2639,-81.4094
2640,-80.4834
2641,-79.7278
2642,-78.685
2643,-77.184
2644,-75.1148
2645,-73.287
2646,-69.0622
2647,-66.3479
2648,-63.1756
2649,-55.8542
2650,-51.2381
2651,-48.9458
2652,-44.6614
2653,-40.8932
2654,-37.3069
2655,-33.8534
2656,-30.1202
2657,-25.155
2658,-22.9252
2659,-18.4255
2660,-13.1725
2661,-8.25143
2662,-3.2874
2663,2.09323
2664,5.01746
2665,11.1496
2666,16.3404
2667,21.5037
2668,32.5916
2669,37.571
2670,41.327
2671,42.7672
2672,47.2131
2673,51.6883
2674,55.0836
2675,62.2831
2676,64.2127
2677,67.2755
2678,71.8425
2679,75.6378
2680,78.121
2681,79.8585
2682,81.7959
2683,82.5123
2684,83.9896
2685,84.852
2686,85.8393
2687,86.2854
2688,NaN
2689,NaN
2690,NaN
2691,NaN
2692,NaN
2693,NaN
2694,NaN
2695,NaN
2696,NaN
2697,NaN
2698,NaN
2699,NaN
2700,NaN
2701,NaN
2702,NaN
2703,NaN
2704,NaN
2705,NaN
2706,NaN
2707,NaN
2708,NaN
2709,NaN
2710,NaN
2711,NaN
2712,NaN
2713,NaN
2714,NaN
2715,NaN
2716,NaN
2717,NaN
2718,NaN
2719,NaN
2720,NaN
2721,NaN
2722,NaN
2723,NaN
2724,NaN
2725,NaN
2726,NaN
2727,NaN
2728,NaN
2729,NaN
2730,NaN
2731,NaN
2732,NaN
2733,NaN
2734,NaN
2735,NaN
2736,NaN
2737,NaN
2738,NaN
2739,NaN
2740,NaN
2741,NaN
2742,NaN
2743,NaN
2744,NaN
2745,NaN
2746,NaN
2747,NaN
2748,NaN
2749,NaN
2750,NaN
2751,NaN
2752,NaN
2753,NaN
2754,NaN
2755,NaN
2756,NaN
2757,NaN
2758,NaN
2759,NaN
2760,NaN
2761,NaN
2762,NaN
2763,NaN
2764,NaN
2765,NaN
2766,NaN
2767,NaN
2768,NaN
2769,NaN
2770,NaN
2771,NaN
2772,NaN
2773,NaN
2774,NaN
2775,NaN
2776,NaN
2777,NaN
2778,NaN
2779,NaN
2780,NaN
2781,NaN
2782,NaN
2783,NaN
2784,NaN
2785,NaN
2786,NaN
2787,NaN
2788,NaN
2789,NaN
2790,NaN
2791,NaN
2792,NaN
2793,NaN
2794,NaN
2795,NaN
2796,NaN
2797,NaN
2798,NaN
2799,NaN
2800,NaN
2801,NaN
2802,NaN
2803,NaN
2804,NaN
2805,NaN
2806,NaN
2807,NaN
2808,NaN
2809,NaN
2810,NaN
2811,NaN
2812,NaN
2813,NaN
2814,NaN
2815,NaN
2816,NaN
2817,NaN
2818,NaN
2819,NaN
2820,NaN
2821,NaN
2822,NaN
2823,NaN
2824,NaN
2825,NaN
2826,NaN
2827,NaN
2828,NaN
2829,NaN
2830,NaN
2831,NaN
2832,NaN
2833,NaN
2834,NaN
2835,NaN
2836,NaN
2837,NaN
2838,NaN
2839,NaN
2840,NaN
2841,NaN
2842,NaN
2843,NaN
2844,NaN
2845,NaN
2846,NaN
2847,NaN
2848,NaN
2849,NaN
2850,NaN
2851,NaN
2852,NaN
2853,NaN
2854,NaN
2855,NaN
2856,NaN
2857,NaN
2858,NaN
2859,NaN
2860,NaN
2861,NaN
2862,NaN
2863,NaN
2864,NaN
2865,NaN
2866,NaN
2867,NaN
2868,NaN
2869,NaN
2870,NaN
2871,NaN
2872,NaN
2873,NaN
2874,NaN
2875,NaN
2876,NaN
2877,NaN
2878,NaN
2879,NaN
2880,NaN
2881,-53.3884
2882,-53.3413
2883,-53.2919
2884,-53.2591
2885,-53.2424
2886,-53.2225
2887,-53.2069
2888,-53.1972
2889,-53.1759
2890,-53.1588
2891,-53.1392
2892,-53.1232
2893,-53.097
2894,-53.0733
2895,-53.0649
2896,-53.0155
2897,-52.952
2898,-52.8708
2899,-52.6357
2900,-52.5537
2901,-52.5214
2902,-52.4612
2903,-52.4555
2904,-52.2589
2905,-52.1456
2906,-52.0084
2907,-52.1885
2908,-51.7969
2909,-51.6779
2910,-51.3564
2911,-51.0379
2912,-50.5804
2913,-50.8312
2914,-50.8667
2915,-50.8834
2916,-51.2355
2917,-51.0264
2918,-50.6091
2919,-49.9445
2920,-49.168
2921,-48.8546
2922,-48.5957
2923,-48.4796
2924,-48.5383
2925,-48.4609
2926,-48.1903
2927,-47.9576
2928,-47.6111
2929,-47.5559
2930,-47.3594
2931,-47.3895
2932,-47.7135
2933,-47.6828
2934,-47.6089
2935,-47.5309
2936,-47.4952
2937,-47.4849
2938,-47.6462
2939,-48.1061
2940,-48.557
2941,-48.7096
2942,-48.963
2943,-49.2354
2944,-49.3183
2945,-49.1993
2946,-49.2958
2947,-49.3688
2948,-49.719
2949,-50.21
2950,-51.0153
2951,-51.4619
2952,-51.5616
2953,-51.657
2954,-51.9379
2955,-52.2856
2956,-52.304
2957,-52.665
2958,-52.9883
2959,-53.3332
2960,-53.3705
2961,-53.6027
2962,-53.0502
2963,-53.0467
2964,-52.762
2965,-53.053
2966,-52.2777
2967,-52.0768
2968,-52.3515
2969,-53.5891
2970,-53.6105
2971,-51.9475
2972,-51.2668
2973,-50.6673
2974,-50.5257
2975,-50.5318
2976,-50.6841
2977,-50.7153
2978,-50.7233
2979,-50.6989
2980,-50.6909
2981,-50.619
2982,-50.8077
2983,-50.759
2984,-50.6275
2985,-50.5426
2986,-47.5232
2987,-45.5005
2988,-42.9377
2989,-38.9747
2990,-36.4344
2991,-33.9759
2992,-31.3616
2993,-30.065
2994,-27.4039
2995,-24.5038
2996,-20.7169
2997,-17.7307
2998,-13.9388
2999,-11.9807
3000,-8.61926
3001,-4.05873
3002,-0.065646
3003,4.88495
3004,9.86934
3005,15.2955
3006,18.137
3007,22.7285
3008,32.4939
3009,38.123
3010,43.5662
3011,48.7407
3012,50.8537
3013,55.376
3014,59.0784
3015,62.8409
3016,65.8882
3017,68.3494
3018,70.7076
3019,72.0293
3020,74.5698
3021,75.9136
3022,77.2856
3023,77.9026
3024,78.1501
3025,78.2188
3026,78.2009
3027,78.3732
3028,78.4682
3029,78.8338
3030,78.9664
3031,79.0476
3032,79.14
3033,79.2545
3034,79.4002
3035,79.536
3036,79.6396
3037,79.6887
3038,79.7866
3039,79.8822
3040,79.9598
3041,80.1083
3042,80.2378
3043,80.336
3044,80.3773
3045,80.4684
3046,80.5704
3047,80.663
3048,80.7409
3049,80.8393
3050,80.8521
3051,NaN
3052,NaN
3053,NaN
3054,NaN
3055,NaN
3056,NaN
3057,NaN
3058,NaN
3059,NaN
3060,NaN
3061,NaN
3062,NaN
3063,NaN
3064,NaN
3065,NaN
3066,NaN
3067,NaN
3068,NaN
3069,NaN
3070,NaN
3071,NaN
3072,NaN
3073,NaN
3074,NaN
3075,NaN
3076,NaN
3077,NaN
3078,NaN
3079,NaN
3080,NaN
3081,NaN
3082,NaN
3083,NaN
3084,NaN
3085,NaN
3086,NaN
3087,NaN
3088,NaN
3089,NaN
3090,NaN
3091,NaN
3092,NaN
3093,NaN
3094,NaN
3095,NaN
3096,NaN
3097,NaN
3098,NaN
3099,NaN
3100,NaN
3101,NaN
3102,NaN
3103,NaN
3104,NaN
3105,NaN
3106,NaN
3107,NaN
3108,NaN
3109,NaN
3110,NaN
3111,NaN
3112,NaN
3113,NaN
3114,NaN
3115,NaN
3116,NaN
3117,NaN
3118,NaN
3119,NaN
3120,NaN
3121,NaN
3122,NaN
3123,NaN
3124,NaN
3125,NaN
3126,NaN
3127,NaN
3128,NaN
3129,NaN
3130,NaN
3131,NaN
3132,NaN
3133,NaN
3134,NaN
3135,NaN
3136,NaN
3137,NaN
3138,NaN
3139,NaN
3140,NaN
3141,NaN
3142,NaN
3143,NaN
3144,NaN
3145,NaN
3146,NaN
3147,NaN
3148,NaN
3149,NaN
3150,NaN
3151,NaN
3152,NaN
3153,NaN
3154,NaN
3155,NaN
3156,NaN
3157,NaN
3158,NaN
3159,NaN
3160,NaN
3161,NaN
3162,NaN
3163,NaN
3164,NaN
3165,NaN
3166,NaN
3167,NaN
3168,NaN
3169,NaN
3170,NaN
3171,NaN
3172,NaN
3173,NaN
3174,NaN
3175,NaN
3176,NaN
3177,NaN
3178,NaN
3179,NaN
3180,NaN
3181,NaN
3182,NaN
3183,NaN
3184,NaN
3185,NaN
3186,NaN
3187,NaN
3188,NaN
3189,NaN
3190,NaN
3191,NaN
3192,NaN
3193,NaN
3194,NaN
3195,NaN
3196,NaN
3197,NaN
3198,NaN
3199,NaN
3200,NaN
3201,NaN
3202,NaN
3203,NaN
3204,NaN
3205,NaN
3206,NaN
3207,NaN
3208,NaN
3209,NaN
3210,NaN
3211,NaN
3212,NaN
3213,NaN
3214,NaN
3215,NaN
3216,NaN
3217,NaN
3218,NaN
3219,NaN
3220,NaN
3221,NaN
3222,NaN
3223,NaN
3224,NaN
3225,NaN
3226,NaN
3227,NaN
3228,NaN
3229,NaN
3230,NaN
3231,NaN
3232,NaN
3233,NaN
3234,NaN
3235,NaN
3236,NaN
3237,NaN
3238,NaN
3239,NaN
3240,NaN
3241,-57.6361
3242,-57.5677
3243,-57.5101
3244,-57.47
3245,-57.442
3246,-57.4478
3247,-57.4516
3248,-57.2724
3249,-57.1214
3250,-57.036
3251,-56.9521
3252,-56.8674
3253,-56.8135
3254,-56.7844
3255,-56.7117
3256,-56.4628
3257,-56.3895
3258,-56.1057
3259,-55.8807
3260,-55.4197
3261,-54.9992
3262,-54.8768
3263,-54.8622
3264,-54.9566
3265,-55.1214
3266,-55.2087
3267,-55.5372
3268,-55.7705
3269,-55.9421
3270,-56.2905
3271,-56.6511
3272,-56.8492
3273,-57.1318
3274,-57.4157
3275,-57.6069
3276,-58.2621
3277,-58.527
3278,-59.4155
3279,-59.8672
3280,-60.2692
3281,-59.9135
3282,-60.3648
3283,-60.9521
3284,-60.8561
3285,-61.2009
3286,-61.0892
3287,-61.1344
3288,-61.0733
3289,-61.1687
3290,-61.2087
3291,-61.5989
3292,-61.8807
3293,-62.0385
3294,-62.5306
3295,-63.3003
3296,-63.5426
3297,-63.5064
3298,-63.4012
3299,-63.5524
3300,-64.2239
3301,-64.7835
3302,-65.0977
3303,-65.4141
3304,-65.681
3305,-66.0758
3306,-66.3086
3307,-66.5355
3308,-66.5332
3309,-66.4007
3310,-66.336
3311,-65.6313
3312,-64.8945
3313,-64.4894
3314,-64.1958
3315,-63.8177
3316,-63.2509
3317,-63.0361
3318,-62.9519
3319,-62.7525
3320,-62.2345
3321,-62.3921
3322,-63.1702
3323,-63.748
3324,-67.0896
3325,-68.0891
3326,-68.5553
3327,-68.075
3328,-68.8514
3329,-69.695
3330,-69.7372
3331,-69.7996
3332,-69.5479
3333,-70.2127
3334,-71.3974
3335,-73.0621
3336,-74.7713
3337,-75.6117
3338,-77.4321
3339,-80.4127
3340,-81.8003
3341,-82.877
3342,-85.5734
3343,-88.5472
3344,-88.2912
3345,-88.0839
3346,-88.56
3347,-90.2456
3348,-91.2017
3349,-91.2136
3350,-91.5918
3351,-91.9308
3352,-92.2896
3353,-92.661
3354,-92.7265
3355,-90.6073
3356,-83.627
3357,-80.2264
3358,-76.2785
3359,-73.5883
3360,-64.7779
3361,-58.8021
3362,-51.6516
3363,-43.0808
3364,-37.3471
3365,-32.5184
3366,-28.5653
3367,-25.5431
3368,-22.7889
3369,-21.1577
3370,-15.9398
3371,-12.017
3372,-4.57031
3373,-1.24895
3374,1.23399
3375,3.34676
3376,8.1268
3377,12.5358
3378,15.7617
3379,19.5923
3380,23.8228
3381,26.7418
3382,27.637
3383,31.5225
3384,33.496
3385,35.0632
3386,37.0848
3387,37.9521
3388,39.593
3389,41.0515
3390,42.5705
3391,43.3172
3392,43.677
3393,44.6633
3394,45.3951
3395,45.629
3396,45.9497
3397,46.2017
3398,46.585
3399,46.5751
3400,45.9948
3401,45.9884
3402,46.2453
3403,46.6927
3404,47.2487
3405,47.2523
3406,47.1209
3407,46.8347
3408,46.5058
3409,46.8777
3410,47.3496
3411,NaN
3412,NaN
3413,NaN
3414,NaN
3415,NaN
3416,NaN
3417,NaN
3418,NaN
3419,NaN
3420,NaN
3421,NaN
3422,NaN
3423,NaN
3424,NaN
3425,NaN
3426,NaN
3427,NaN
3428,NaN
3429,NaN
3430,NaN
3431,NaN
3432,NaN
3433,NaN
3434,NaN
3435,NaN
3436,NaN
3437,NaN
3438,NaN
3439,NaN
3440,NaN
3441,NaN
3442,NaN
3443,NaN
3444,NaN
3445,NaN
3446,NaN
3447,NaN
3448,NaN
3449,NaN
3450,NaN
3451,NaN
3452,NaN
3453,NaN
3454,NaN
3455,NaN
3456,NaN
3457,NaN
3458,NaN
3459,NaN
3460,NaN
3461,NaN
3462,NaN
3463,NaN
3464,NaN
3465,NaN
3466,NaN
3467,NaN
3468,NaN
3469,NaN
3470,NaN
3471,NaN
3472,NaN
3473,NaN
3474,NaN
3475,NaN
3476,NaN
3477,NaN
3478,NaN
3479,NaN
3480,NaN
3481,NaN
3482,NaN
3483,NaN
3484,NaN
3485,NaN
3486,NaN
3487,NaN
3488,NaN
3489,NaN
3490,NaN
3491,NaN
3492,NaN
3493,NaN
3494,NaN
3495,NaN
3496,NaN
3497,NaN
3498,NaN
3499,NaN
3500,NaN
3501,NaN
3502,NaN
3503,NaN
3504,NaN
3505,NaN
3506,NaN
3507,NaN
3508,NaN
3509,NaN
3510,NaN
3511,NaN
3512,NaN
3513,NaN
3514,NaN
3515,NaN
3516,NaN
3517,NaN
3518,NaN
3519,NaN
3520,NaN
3521,NaN
3522,NaN
3523,NaN
3524,NaN
3525,NaN
3526,NaN
3527,NaN
3528,NaN
3529,NaN
3530,NaN
3531,NaN
3532,NaN
3533,NaN
3534,NaN
3535,NaN
3536,NaN
3537,NaN
3538,NaN
3539,NaN
3540,NaN
3541,NaN
3542,NaN
3543,NaN
3544,NaN
3545,NaN
3546,NaN
3547,NaN
3548,NaN
3549,NaN
3550,NaN
3551,NaN
3552,NaN
3553,NaN
3554,NaN
3555,NaN
3556,NaN
3557,NaN
3558,NaN
3559,NaN
3560,NaN
3561,NaN
3562,NaN
3563,NaN
3564,NaN
3565,NaN
3566,NaN
3567,NaN
3568,NaN
3569,NaN
3570,NaN
3571,NaN
3572,NaN
3573,NaN
3574,NaN
3575,NaN
3576,NaN
3577,NaN
3578,NaN
3579,NaN
3580,NaN
3581,NaN
3582,NaN
3583,NaN
3584,NaN
3585,NaN
3586,NaN
3587,NaN
3588,NaN
3589,NaN
3590,NaN
3591,NaN
3592,NaN
3593,NaN
3594,NaN
3595,NaN
3596,NaN
3597,NaN
3598,NaN
3599,NaN
3600,NaN
3601,-32.865
3602,-32.9669
3603,-33.0377
3604,-33.4969
3605,-33.7244
3606,-33.8704
3607,-34.064
3608,-34.3395
3609,-34.5756
3610,-34.7536
3611,-35.1694
3612,-35.4972
3613,-35.6316
3614,-35.8649
3615,-36.0609
3616,-36.2588
3617,-36.3933
3618,-36.6061
3619,-36.7356
3620,-36.9815
3621,-37.0922
3622,-37.2447
3623,-37.2168
3624,-37.2495
3625,-37.328
3626,-37.2181
3627,-37.2742
3628,-37.7239
3629,-37.9144
3630,-38.3807
3631,-38.93
3632,-39.5465
3633,-39.8238
3634,-40.1828
3635,-40.4916
3636,-40.9406
3637,-41.259
3638,-41.4853
3639,-41.665
3640,-42.3693
3641,-42.6169
3642,-43.1583
3643,-43.4487
3644,-43.6307
3645,-43.9736
3646,-44.2362
3647,-44.355
3648,-44.5361
3649,-45.0251
3650,-45.0056
3651,-45.4072
3652,-45.7417
3653,-46.2636
3654,-46.6058
3655,-46.7545
3656,-46.9701
3657,-47.1167
3658,-47.3269
3659,-47.9651
3660,-48.3808
3661,-48.5587
3662,-48.5332
3663,-48.6642
3664,-49.0656
3665,-48.8747
3666,-48.9438
3667,-48.9766
3668,-48.9206
3669,-48.8844
3670,-49.0153
3671,-49.2445
3672,-49.3527
3673,-49.5453
3674,-49.9763
3675,-50.8159
3676,-51.2318
3677,-51.8962
3678,-52.552
3679,-53.5783
3680,-54.9005
3681,-55.7621
3682,-56.182
3683,-57.1897
3684,-59.9431
3685,-61.3108
3686,-62.5332
3687,-62.9891
3688,-64.2519
3689,-65.443
3690,-66.4064
3691,-68.4775
3692,-69.5246
3693,-69.9575
3694,-70.4763
3695,-71.9421
3696,-72.2558
3697,-73.1852
3698,-74.6887
3699,-75.1205
3700,-75.8726
3701,-76.3023
3702,-79.4369
3703,-80.7273
3704,-81.2614
3705,-81.7129
3706,-81.9102
3707,-82.5571
3708,-83.0978
3709,-84.1384
3710,-84.9611
3711,-85.6805
3712,-86.77
3713,-87.2401
3714,-87.5868
3715,-87.9709
3716,-88.579
3717,-89.3405
3718,-89.9776
3719,-90.3612
3720,-90.469
3721,-90.4726
3722,-90.6603
3723,-90.8139
3724,-90.8615
3725,-90.6241
3726,-90.4353
3727,-89.7955
3728,-89.1065
3729,-88.7643
3730,-88.3325
3731,-87.7483
3732,-87.2574
3733,-86.2753
3734,-85.6733
3735,-84.1554
3736,-79.056
3737,-78.108
3738,-75.9753
3739,-75.1747
3740,-71.8844
3741,-69.4515
3742,-67.4143
3743,-65.3713
3744,-63.2741
3745,-58.7438
3746,-54.8251
3747,-53.2526
3748,-48.7709
3749,-46.21
3750,-43.063
3751,-40.5875
3752,-32.9447
3753,-28.7928
3754,-24.0455
3755,-20.7625
3756,-18.9159
3757,-15.4299
3758,-12.2778
3759,-9.29129
3760,-6.15282
3761,-2.78135
3762,0.466057
3763,4.23643
3764,8.18768
3765,11.7635
3766,15.1973
3767,18.9738
3768,NaN
3769,NaN
3770,NaN
3771,NaN
3772,NaN
3773,NaN
3774,NaN
3775,NaN
3776,NaN
3777,NaN
3778,NaN
3779,NaN
3780,NaN
3781,NaN
3782,NaN
3783,NaN
3784,NaN
3785,NaN
3786,NaN
3787,NaN
3788,NaN
3789,NaN
3790,NaN
3791,NaN
3792,NaN
3793,NaN
3794,NaN
3795,NaN
3796,NaN
3797,NaN
3798,NaN
3799,NaN
3800,NaN
3801,NaN
3802,NaN
3803,NaN
3804,NaN
3805,NaN
3806,NaN
3807,NaN
3808,NaN
3809,NaN
3810,NaN
3811,NaN
3812,NaN
3813,NaN
3814,NaN
3815,NaN
3816,NaN
3817,NaN
3818,NaN
3819,NaN
3820,NaN
3821,NaN
3822,NaN
3823,NaN
3824,NaN
3825,NaN
3826,NaN
3827,NaN
3828,NaN
3829,NaN
3830,NaN
3831,NaN
3832,NaN
3833,NaN
3834,NaN
3835,NaN
3836,NaN
3837,NaN
3838,NaN
3839,NaN
3840,NaN
3841,NaN
3842,NaN
3843,NaN
3844,NaN
3845,NaN
3846,NaN
3847,NaN
3848,NaN
3849,NaN
3850,NaN
3851,NaN
3852,NaN
3853,NaN
3854,NaN
3855,NaN
3856,NaN
3857,NaN
3858,NaN
3859,NaN
3860,NaN
3861,NaN
3862,NaN
3863,NaN
3864,NaN
3865,NaN
3866,NaN
3867,NaN
3868,NaN
3869,NaN
3870,NaN
3871,NaN
3872,NaN
3873,NaN
3874,NaN
3875,NaN
3876,NaN
3877,NaN
3878,NaN
3879,NaN
3880,NaN
3881,NaN
3882,NaN
3883,NaN
3884,NaN
3885,NaN
3886,NaN
3887,NaN
3888,NaN
3889,NaN
3890,NaN
3891,NaN
3892,NaN
3893,NaN
3894,NaN
3895,NaN
3896,NaN
3897,NaN
3898,NaN
3899,NaN
3900,NaN
3901,NaN
3902,NaN
3903,NaN
3904,NaN
3905,NaN
3906,NaN
3907,NaN
3908,NaN
3909,NaN
3910,NaN
3911,NaN
3912,NaN
3913,NaN
3914,NaN
3915,NaN
3916,NaN
3917,NaN
3918,NaN
3919,NaN
3920,NaN
3921,NaN
3922,NaN
3923,NaN
3924,NaN
3925,NaN
3926,NaN
3927,NaN
3928,NaN
3929,NaN
3930,NaN
3931,NaN
3932,NaN
3933,NaN
3934,NaN
3935,NaN
3936,NaN
3937,NaN
3938,NaN
3939,NaN
3940,NaN
3941,NaN
3942,NaN
3943,NaN
3944,NaN
3945,NaN
3946,NaN
3947,NaN
3948,NaN
3949,NaN
3950,NaN
3951,NaN
3952,NaN
3953,NaN
3954,NaN
3955,NaN
3956,NaN
3957,NaN
3958,NaN
3959,NaN
3960,NaN
3961,-53.7458
3962,-53.8097
3963,-53.8025
3964,-53.8481
3965,-53.9323
3966,-54.1213
3967,-54.2608
3968,-54.2653
3969,-54.2908
3970,-54.2311
3971,-54.1665
3972,-54.177
3973,-54.1525
3974,-54.1383
3975,-54.1307
3976,-54.1089
3977,-54.0927
3978,-54.0636
3979,-54.0588
3980,-54.0593
3981,-54.0327
3982,-54.0005
3983,-53.9083
3984,-53.8305
3985,-53.3537
3986,-53.1384
3987,-52.5539
3988,-51.9162
3989,-51.6208
3990,-51.3934
3991,-51.2332
3992,-51.1156
3993,-51.001
3994,-50.3312
3995,-50.0003
3996,-50.0631
3997,-49.9289
3998,-49.8809
3999,-49.7159
4000,-49.6868
4001,-49.3971
4002,-49.2813
4003,-49.1494
4004,-49.2882
4005,-49.0977
4006,-48.9059
4007,-48.7278
4008,-48.8246
4009,-48.9099
4010,-48.7978
4011,-48.6646
4012,-48.7895
4013,-48.5088
4014,-48.497
4015,-48.5261
4016,-48.6395
4017,-48.6337
4018,-48.697
4019,-48.7563
4020,-48.7736
4021,-48.8438
4022,-49.0045
4023,-49.1253
4024,-49.2154
4025,-49.2577
4026,-49.3164
4027,-49.4144
4028,-49.5221
4029,-49.8631
4030,-50.2779
4031,-50.3718
4032,-50.5631
4033,-50.9446
4034,-51.1741
4035,-51.5412
4036,-52.1973
4037,-52.7881
4038,-53.1153
4039,-53.3046
4040,-53.6666
4041,-53.8058
4042,-53.9921
4043,-54.4066
4044,-54.3473
4045,-54.3499
4046,-53.9593
4047,-54.3895
4048,-54.4507
4049,-54.6268
4050,-54.9995
4051,-55.2998
4052,-55.5803
4053,-55.8648
4054,-56.3744
4055,-56.8439
4056,-57.1277
4057,-57.541
4058,-57.6449
4059,-57.7034
4060,-57.926
4061,-58.1419
4062,-58.3062
4063,-58.3724
4064,-58.625
4065,-58.4292
4066,-57.842
4067,-57.5778
4068,-56.6942
4069,-55.9793
4070,-55.3586
4071,-54.3963
4072,-53.075
4073,-51.655
4074,-50.9014
4075,-49.0556
4076,-46.6388
4077,-45.4126
4078,-43.0463
4079,-40.3293
4080,-36.2787
4081,-34.3696
4082,-31.4655
4083,-28.6699
4084,-27.0218
4085,-23.8911
4086,-20.6232
4087,-16.2014
4088,-13.664
4089,-8.06169
4090,-3.61249
4091,-1.5063
4092,3.71645
4093,7.96129
4094,12.3213
4095,14.2873
4096,18.9803
4097,23.6471
4098,25.9648
4099,30.621
4100,35.0089
4101,39.4454
4102,41.7357
4103,46.0787
4104,50.1067
4105,52.0381
4106,55.608
4107,59.4083
4108,63.0034
4109,64.7585
4110,68.3483
4111,71.3053
4112,72.7071
4113,75.1476
4114,76.8632
4115,78.1401
4116,78.8446
4117,80.0328
4118,80.8717
4119,81.1416
4120,81.6129
4121,81.9242
4122,82.0866
4123,82.166
4124,82.2487
4125,82.2418
4126,82.2119
4127,82.1792
4128,82.1794
4129,82.2039
4130,82.2065
4131,82.179
4132,82.0517
4133,81.9717
4134,81.8793
4135,81.8537
4136,81.7685
4137,81.7099
4138,81.6232
4139,81.5702
4140,81.4247
4141,NaN
4142,NaN
4143,NaN
4144,NaN
4145,NaN
4146,NaN
4147,NaN
4148,NaN
4149,NaN
4150,NaN
4151,NaN
4152,NaN
4153,NaN
4154,NaN
4155,NaN
4156,NaN
4157,NaN
4158,NaN
4159,NaN
4160,NaN
4161,NaN
4162,NaN
4163,NaN
4164,NaN
4165,NaN
4166,NaN
4167,NaN
4168,NaN
4169,NaN
4170,NaN
4171,NaN
4172,NaN
4173,NaN
4174,NaN
4175,NaN
4176,NaN
4177,NaN
4178,NaN
4179,NaN
4180,NaN
4181,NaN
4182,NaN
4183,NaN
4184,NaN
4185,NaN
4186,NaN
4187,NaN
4188,NaN
4189,NaN
4190,NaN
4191,NaN
4192,NaN
4193,NaN
4194,NaN
4195,NaN
4196,NaN
4197,NaN
4198,NaN
4199,NaN
4200,NaN
4201,NaN
4202,NaN
4203,NaN
4204,NaN
4205,NaN
4206,NaN
4207,NaN
4208,NaN
4209,NaN
4210,NaN
4211,NaN
4212,NaN
4213,NaN
4214,NaN
4215,NaN
4216,NaN
4217,NaN
4218,NaN
4219,NaN
4220,NaN
4221,NaN
4222,NaN
4223,NaN
4224,NaN
4225,NaN
4226,NaN
4227,NaN
4228,NaN
4229,NaN
4230,NaN
4231,NaN
4232,NaN
4233,NaN
4234,NaN
4235,NaN
4236,NaN
4237,NaN
4238,NaN
4239,NaN
4240,NaN
4241,NaN
4242,NaN
4243,NaN
4244,NaN
4245,NaN
4246,NaN
4247,NaN
4248,NaN
4249,NaN
4250,NaN
4251,NaN
4252,NaN
4253,NaN
4254,NaN
4255,NaN
4256,NaN
4257,NaN
4258,NaN
4259,NaN
4260,NaN
4261,NaN
4262,NaN
4263,NaN
4264,NaN
4265,NaN
4266,NaN
4267,NaN
4268,NaN
4269,NaN
4270,NaN
4271,NaN
4272,NaN
4273,NaN
4274,NaN
4275,NaN
4276,NaN
4277,NaN
4278,NaN
4279,NaN
4280,NaN
4281,NaN
4282,NaN
4283,NaN
4284,NaN
4285,NaN
4286,NaN
4287,NaN
4288,NaN
4289,NaN
4290,NaN
4291,NaN
4292,NaN
4293,NaN
4294,NaN
4295,NaN
4296,NaN
4297,NaN
4298,NaN
4299,NaN
4300,NaN
4301,NaN
4302,NaN
4303,NaN
4304,NaN
4305,NaN
4306,NaN
4307,NaN
4308,NaN
4309,NaN
4310,NaN
4311,NaN
4312,NaN
4313,NaN
4314,NaN
4315,NaN
4316,NaN
4317,NaN
4318,NaN
4319,NaN
4320,NaN
4321,-63.8897
4322,-63.838
4323,-63.8098
4324,-63.7866
4325,-63.7618
4326,-63.7321
4327,-63.6824
4328,-63.6508
4329,-63.6268
4330,-63.5971
4331,-63.5715
4332,-63.5205
4333,-63.5071
4334,-63.4803
4335,-63.4215
4336,-63.3865
4337,-63.3667
4338,-63.3396
4339,-63.3156
4340,-63.2941
4341,-63.2224
4342,-63.1271
4343,-63.0834
4344,-62.8082
4345,-62.3765
4346,-61.8508
4347,-61.5469
4348,-60.7552
4349,-60.2095
4350,-59.711
4351,-59.1678
4352,-58.9138
4353,-58.5687
4354,-58.3383
4355,-58.104
4356,-57.6339
4357,-57.3718
4358,-56.8665
4359,-56.3359
4360,-55.79
4361,-55.5042
4362,-55.4393
4363,-55.0487
4364,-54.8146
4365,-54.4682
4366,-54.2026
4367,-53.9432
4368,-53.1813
4369,-52.5318
4370,-52.1766
4371,-52.016
4372,-51.7283
4373,-51.292
4374,-50.9187
4375,-50.7188
4376,-50.6744
4377,-50.2384
4378,-50.1006
4379,-50.0697
4380,-50.0295
4381,-49.7359
4382,-49.7781
4383,-49.338
4384,-48.9055
4385,-48.9373
4386,-48.8727
4387,-48.6426
4388,-48.5467
4389,-48.4884
4390,-48.4761
4391,-48.5274
4392,-48.5052
4393,-48.4483
4394,-48.5155
4395,-48.6012
4396,-48.6886
4397,-48.8055
4398,-48.8487
4399,-48.7673
4400,-48.6923
4401,-48.7253
4402,-48.7732
4403,-48.7263
4404,-48.5975
4405,-48.3203
4406,-48.3519
4407,-48.216
4408,-48.5208
4409,-48.6985
4410,-48.9499
4411,-49.5135
4412,-50.4067
4413,-50.521
4414,-51.2653
4415,-52.231
4416,-53.0845
4417,-53.9984
4418,-54.4162
4419,-55.4235
4420,-55.8865
4421,-56.4395
4422,-56.7958
4423,-57.442
4424,-58.0884
4425,-58.3429
4426,-58.8751
4427,-59.2671
4428,-59.5112
4429,-59.2277
4430,-59.0399
4431,-58.9315
4432,-58.7139
4433,-58.6929
4434,-59.4902
4435,-59.6495
4436,-59.7282
4437,-59.6385
4438,-59.9479
4439,-60.0887
4440,-59.6682
4441,-59.6718
4442,-59.7374
4443,-59.5721
4444,-59.1639
4445,-58.9332
4446,-58.4942
4447,-58.6686
4448,-58.7033
4449,-58.5682
4450,-58.5332
4451,-58.3276
4452,-57.93
4453,-57.7511
4454,-57.6143
4455,-57.3187
4456,-57.055
4457,-56.4352
4458,-55.5186
4459,-54.9855
4460,-53.5674
4461,-52.1218
4462,-50.439
4463,-48.5145
4464,-47.4464
4465,-45.4242
4466,-43.0266
4467,-40.8608
4468,-38.0946
4469,-36.6134
4470,-33.2805
4471,-30.0938
4472,-26.2666
4473,-24.347
4474,-20.1639
4475,-17.2982
4476,-14.0662
4477,-9.49238
4478,-7.52061
4479,-2.53359
4480,1.84292
4481,6.34193
4482,8.93071
4483,12.6681
4484,16.3401
4485,21.5293
4486,26.164
4487,30.8869
4488,32.5638
4489,35.8404
4490,40.987
4491,46.3527
4492,49.3535
4493,55.8908
4494,64.5623
4495,71.7497
4496,74.7019
4497,75.4839
4498,78.3322
4499,81.2351
4500,84.8142
4501,NaN
4502,NaN
4503,NaN
4504,NaN
4505,NaN
4506,NaN
4507,NaN
4508,NaN
4509,NaN
4510,NaN
4511,NaN
4512,NaN
4513,NaN
4514,NaN
4515,NaN
4516,NaN
4517,NaN
4518,NaN
4519,NaN
4520,NaN
4521,NaN
4522,NaN
4523,NaN
4524,NaN
4525,NaN
4526,NaN
4527,NaN
4528,NaN
4529,NaN
4530,NaN
4531,NaN
4532,NaN
4533,NaN
4534,NaN
4535,NaN
4536,NaN
4537,NaN
4538,NaN
4539,NaN
4540,NaN
4541,NaN
4542,NaN
4543,NaN
4544,NaN
4545,NaN
4546,NaN
4547,NaN
4548,NaN
4549,NaN
4550,NaN
4551,NaN
4552,NaN
4553,NaN
4554,NaN
4555,NaN
4556,NaN
4557,NaN
4558,NaN
4559,NaN
4560,NaN
4561,NaN
4562,NaN
4563,NaN
4564,NaN
4565,NaN
4566,NaN
4567,NaN
4568,NaN
4569,NaN
4570,NaN
4571,NaN
4572,NaN
4573,NaN
4574,NaN
4575,NaN
4576,NaN
4577,NaN
4578,NaN
4579,NaN
4580,NaN
4581,NaN
4582,NaN
4583,NaN
4584,NaN
4585,NaN
4586,NaN
4587,NaN
4588,NaN
4589,NaN
4590,NaN
4591,NaN
4592,NaN
4593,NaN
4594,NaN
4595,NaN
4596,NaN
4597,NaN
4598,NaN
4599,NaN
4600,NaN
4601,NaN
4602,NaN
4603,NaN
4604,NaN
4605,NaN
4606,NaN
4607,NaN
4608,NaN
4609,NaN
4610,NaN
4611,NaN
4612,NaN
4613,NaN
4614,NaN
4615,NaN
4616,NaN
4617,NaN
4618,NaN
4619,NaN
4620,NaN
4621,NaN
4622,NaN
4623,NaN
4624,NaN
4625,NaN
4626,NaN
4627,NaN
4628,NaN
4629,NaN
4630,NaN
4631,NaN
4632,NaN
4633,NaN
4634,NaN
4635,NaN
4636,NaN
4637,NaN
4638,NaN
4639,NaN
4640,NaN
4641,NaN
4642,NaN
4643,NaN
4644,NaN
4645,NaN
4646,NaN
4647,NaN
4648,NaN
4649,NaN
4650,NaN
4651,NaN
4652,NaN
4653,NaN
4654,NaN
4655,NaN
4656,NaN
4657,NaN
4658,NaN
4659,NaN
4660,NaN
4661,NaN
4662,NaN
4663,NaN
4664,NaN
4665,NaN
4666,NaN
4667,NaN
4668,NaN
4669,NaN
4670,NaN
4671,NaN
4672,NaN
4673,NaN
4674,NaN
4675,NaN
4676,NaN
4677,NaN
4678,NaN
4679,NaN
4680,NaN
